#Station Long Name,LACHLAN RIVER AT BOOLIGAL
#Station Number,412005
#Station Location Latitude,-33.8695
#Station Location Longitude,144.8811
#Parameter Type Name,Water Course Discharge
#Timeseries Name,DMQaQc.Merged.MonthlyMean.CalMonth
#Unit Name,cubic meter per second
#DATA_OWNER_NAME,NSW - Water NSW
#Rows,1478
#Timestamp,Value,Quality Code,Interpolation Type
1902-11-01T00:00:00.000+10:00,,-1,603
1902-12-01T00:00:00.000+10:00,,-1,603
1903-01-01T00:00:00.000+10:00,,-1,603
1903-02-01T00:00:00.000+10:00,,-1,603
1903-03-01T00:00:00.000+10:00,,-1,603
1903-04-01T00:00:00.000+10:00,,-1,603
1903-05-01T00:00:00.000+10:00,,-1,603
1903-06-01T00:00:00.000+10:00,,-1,603
1903-07-01T00:00:00.000+10:00,,-1,603
1903-08-01T00:00:00.000+10:00,,-1,603
1903-09-01T00:00:00.000+10:00,,-1,603
1903-10-01T00:00:00.000+10:00,,-1,603
1903-11-01T00:00:00.000+10:00,,-1,603
1903-12-01T00:00:00.000+10:00,,-1,603
1904-01-01T00:00:00.000+10:00,,-1,603
1904-02-01T00:00:00.000+10:00,,-1,603
1904-03-01T00:00:00.000+10:00,,-1,603
1904-04-01T00:00:00.000+10:00,,-1,603
1904-05-01T00:00:00.000+10:00,,-1,603
1904-06-01T00:00:00.000+10:00,,-1,603
1904-07-01T00:00:00.000+10:00,,-1,603
1904-08-01T00:00:00.000+10:00,,-1,603
1904-09-01T00:00:00.000+10:00,,-1,603
1904-10-01T00:00:00.000+10:00,,-1,603
1904-11-01T00:00:00.000+10:00,,-1,603
1904-12-01T00:00:00.000+10:00,,-1,603
1905-01-01T00:00:00.000+10:00,,-1,603
1905-02-01T00:00:00.000+10:00,,-1,603
1905-03-01T00:00:00.000+10:00,,-1,603
1905-04-01T00:00:00.000+10:00,,-1,603
1905-05-01T00:00:00.000+10:00,,-1,603
1905-06-01T00:00:00.000+10:00,,-1,603
1905-07-01T00:00:00.000+10:00,,-1,603
1905-08-01T00:00:00.000+10:00,,-1,603
1905-09-01T00:00:00.000+10:00,,-1,603
1905-10-01T00:00:00.000+10:00,,-1,603
1905-11-01T00:00:00.000+10:00,,-1,603
1905-12-01T00:00:00.000+10:00,,-1,603
1906-01-01T00:00:00.000+10:00,,-1,603
1906-02-01T00:00:00.000+10:00,,-1,603
1906-03-01T00:00:00.000+10:00,,-1,603
1906-04-01T00:00:00.000+10:00,,-1,603
1906-05-01T00:00:00.000+10:00,,-1,603
1906-06-01T00:00:00.000+10:00,,-1,603
1906-07-01T00:00:00.000+10:00,,-1,603
1906-08-01T00:00:00.000+10:00,,-1,603
1906-09-01T00:00:00.000+10:00,,-1,603
1906-10-01T00:00:00.000+10:00,,-1,603
1906-11-01T00:00:00.000+10:00,,-1,603
1906-12-01T00:00:00.000+10:00,,-1,603
1907-01-01T00:00:00.000+10:00,,-1,603
1907-02-01T00:00:00.000+10:00,,-1,603
1907-03-01T00:00:00.000+10:00,,-1,603
1907-04-01T00:00:00.000+10:00,,-1,603
1907-05-01T00:00:00.000+10:00,,-1,603
1907-06-01T00:00:00.000+10:00,,-1,603
1907-07-01T00:00:00.000+10:00,0.645,140,603
1907-08-01T00:00:00.000+10:00,4.019,140,603
1907-09-01T00:00:00.000+10:00,7.037,140,603
1907-10-01T00:00:00.000+10:00,1.414,140,603
1907-11-01T00:00:00.000+10:00,,-1,603
1907-12-01T00:00:00.000+10:00,,-1,603
1908-01-01T00:00:00.000+10:00,,-1,603
1908-02-01T00:00:00.000+10:00,,-1,603
1908-03-01T00:00:00.000+10:00,2.525,140,603
1908-04-01T00:00:00.000+10:00,,-1,603
1908-05-01T00:00:00.000+10:00,,-1,603
1908-06-01T00:00:00.000+10:00,,-1,603
1908-07-01T00:00:00.000+10:00,,-1,603
1908-08-01T00:00:00.000+10:00,,-1,603
1908-09-01T00:00:00.000+10:00,,-1,603
1908-10-01T00:00:00.000+10:00,,-1,603
1908-11-01T00:00:00.000+10:00,,-1,603
1908-12-01T00:00:00.000+10:00,,-1,603
1909-01-01T00:00:00.000+10:00,,-1,603
1909-02-01T00:00:00.000+10:00,,-1,603
1909-03-01T00:00:00.000+10:00,2.506,140,603
1909-04-01T00:00:00.000+10:00,1.520,140,603
1909-05-01T00:00:00.000+10:00,,-1,603
1909-06-01T00:00:00.000+10:00,,-1,603
1909-07-01T00:00:00.000+10:00,9.414,140,603
1909-08-01T00:00:00.000+10:00,8.229,140,603
1909-09-01T00:00:00.000+10:00,33.558,140,603
1909-10-01T00:00:00.000+10:00,5.629,140,603
1909-11-01T00:00:00.000+10:00,2.694,140,603
1909-12-01T00:00:00.000+10:00,,-1,603
1910-01-01T00:00:00.000+10:00,,-1,603
1910-02-01T00:00:00.000+10:00,,-1,603
1910-03-01T00:00:00.000+10:00,0.752,140,603
1910-04-01T00:00:00.000+10:00,0.160,140,603
1910-05-01T00:00:00.000+10:00,0.000,140,603
1910-06-01T00:00:00.000+10:00,0.000,140,603
1910-07-01T00:00:00.000+10:00,0.000,140,603
1910-08-01T00:00:00.000+10:00,10.445,140,603
1910-09-01T00:00:00.000+10:00,2.602,140,603
1910-10-01T00:00:00.000+10:00,2.907,140,603
1910-11-01T00:00:00.000+10:00,1.115,140,603
1910-12-01T00:00:00.000+10:00,0.001,140,603
1911-01-01T00:00:00.000+10:00,0.649,140,603
1911-02-01T00:00:00.000+10:00,4.918,140,603
1911-03-01T00:00:00.000+10:00,2.921,140,603
1911-04-01T00:00:00.000+10:00,2.004,140,603
1911-05-01T00:00:00.000+10:00,,-1,603
1911-06-01T00:00:00.000+10:00,,-1,603
1911-07-01T00:00:00.000+10:00,,-1,603
1911-08-01T00:00:00.000+10:00,17.297,140,603
1911-09-01T00:00:00.000+10:00,5.652,140,603
1911-10-01T00:00:00.000+10:00,4.432,140,603
1911-11-01T00:00:00.000+10:00,0.375,140,603
1911-12-01T00:00:00.000+10:00,5.039,140,603
1912-01-01T00:00:00.000+10:00,4.814,140,603
1912-02-01T00:00:00.000+10:00,0.097,140,603
1912-03-01T00:00:00.000+10:00,0.000,140,603
1912-04-01T00:00:00.000+10:00,0.104,140,603
1912-05-01T00:00:00.000+10:00,0.687,140,603
1912-06-01T00:00:00.000+10:00,0.037,140,603
1912-07-01T00:00:00.000+10:00,0.358,140,603
1912-08-01T00:00:00.000+10:00,15.799,140,603
1912-09-01T00:00:00.000+10:00,35.341,140,603
1912-10-01T00:00:00.000+10:00,24.982,140,603
1912-11-01T00:00:00.000+10:00,6.190,140,603
1912-12-01T00:00:00.000+10:00,2.032,140,603
1913-01-01T00:00:00.000+10:00,0.640,140,603
1913-02-01T00:00:00.000+10:00,0.192,140,603
1913-03-01T00:00:00.000+10:00,2.253,140,603
1913-04-01T00:00:00.000+10:00,7.030,140,603
1913-05-01T00:00:00.000+10:00,1.377,140,603
1913-06-01T00:00:00.000+10:00,4.300,140,603
1913-07-01T00:00:00.000+10:00,10.553,140,603
1913-08-01T00:00:00.000+10:00,4.502,140,603
1913-09-01T00:00:00.000+10:00,2.637,140,603
1913-10-01T00:00:00.000+10:00,1.548,140,603
1913-11-01T00:00:00.000+10:00,0.713,140,603
1913-12-01T00:00:00.000+10:00,0.701,140,603
1914-01-01T00:00:00.000+10:00,0.001,140,603
1914-02-01T00:00:00.000+10:00,0.000,140,603
1914-03-01T00:00:00.000+10:00,0.000,140,603
1914-04-01T00:00:00.000+10:00,6.423,140,603
1914-05-01T00:00:00.000+10:00,2.044,140,603
1914-06-01T00:00:00.000+10:00,0.677,140,603
1914-07-01T00:00:00.000+10:00,0.212,140,603
1914-08-01T00:00:00.000+10:00,1.355,140,603
1914-09-01T00:00:00.000+10:00,0.284,140,603
1914-10-01T00:00:00.000+10:00,0.259,140,603
1914-11-01T00:00:00.000+10:00,0.094,140,603
1914-12-01T00:00:00.000+10:00,0.000,140,603
1915-01-01T00:00:00.000+10:00,0.031,140,603
1915-02-01T00:00:00.000+10:00,1.364,140,603
1915-03-01T00:00:00.000+10:00,0.000,140,603
1915-04-01T00:00:00.000+10:00,0.892,140,603
1915-05-01T00:00:00.000+10:00,1.366,140,603
1915-06-01T00:00:00.000+10:00,1.179,140,603
1915-07-01T00:00:00.000+10:00,12.886,140,603
1915-08-01T00:00:00.000+10:00,29.791,140,603
1915-09-01T00:00:00.000+10:00,29.727,140,603
1915-10-01T00:00:00.000+10:00,23.436,140,603
1915-11-01T00:00:00.000+10:00,6.158,140,603
1915-12-01T00:00:00.000+10:00,0.613,140,603
1916-01-01T00:00:00.000+10:00,1.361,140,603
1916-02-01T00:00:00.000+10:00,0.065,140,603
1916-03-01T00:00:00.000+10:00,0.000,140,603
1916-04-01T00:00:00.000+10:00,0.000,140,603
1916-05-01T00:00:00.000+10:00,0.477,140,603
1916-06-01T00:00:00.000+10:00,1.621,140,603
1916-07-01T00:00:00.000+10:00,31.663,140,603
1916-08-01T00:00:00.000+10:00,48.021,140,603
1916-09-01T00:00:00.000+10:00,50.149,140,603
1916-10-01T00:00:00.000+10:00,47.963,140,603
1916-11-01T00:00:00.000+10:00,49.775,140,603
1916-12-01T00:00:00.000+10:00,43.447,140,603
1917-01-01T00:00:00.000+10:00,35.864,140,603
1917-02-01T00:00:00.000+10:00,8.801,140,603
1917-03-01T00:00:00.000+10:00,4.783,140,603
1917-04-01T00:00:00.000+10:00,0.000,140,603
1917-05-01T00:00:00.000+10:00,0.000,140,603
1917-06-01T00:00:00.000+10:00,0.000,140,603
1917-07-01T00:00:00.000+10:00,11.873,140,603
1917-08-01T00:00:00.000+10:00,35.280,140,603
1917-09-01T00:00:00.000+10:00,47.719,140,603
1917-10-01T00:00:00.000+10:00,51.988,140,603
1917-11-01T00:00:00.000+10:00,52.875,140,603
1917-12-01T00:00:00.000+10:00,37.361,140,603
1918-01-01T00:00:00.000+10:00,10.606,140,603
1918-02-01T00:00:00.000+10:00,2.994,140,603
1918-03-01T00:00:00.000+10:00,0.698,140,603
1918-04-01T00:00:00.000+10:00,0.000,140,603
1918-05-01T00:00:00.000+10:00,0.000,140,603
1918-06-01T00:00:00.000+10:00,0.000,140,603
1918-07-01T00:00:00.000+10:00,1.557,140,603
1918-08-01T00:00:00.000+10:00,9.685,140,603
1918-09-01T00:00:00.000+10:00,39.203,140,603
1918-10-01T00:00:00.000+10:00,13.680,140,603
1918-11-01T00:00:00.000+10:00,2.525,140,603
1918-12-01T00:00:00.000+10:00,0.662,140,603
1919-01-01T00:00:00.000+10:00,0.113,140,603
1919-02-01T00:00:00.000+10:00,0.848,140,603
1919-03-01T00:00:00.000+10:00,1.580,140,603
1919-04-01T00:00:00.000+10:00,0.467,140,603
1919-05-01T00:00:00.000+10:00,0.000,140,603
1919-06-01T00:00:00.000+10:00,0.000,140,603
1919-07-01T00:00:00.000+10:00,0.000,140,603
1919-08-01T00:00:00.000+10:00,1.456,140,603
1919-09-01T00:00:00.000+10:00,1.706,140,603
1919-10-01T00:00:00.000+10:00,0.244,140,603
1919-11-01T00:00:00.000+10:00,0.051,140,603
1919-12-01T00:00:00.000+10:00,0.000,140,603
1920-01-01T00:00:00.000+10:00,0.000,140,603
1920-02-01T00:00:00.000+10:00,0.000,140,603
1920-03-01T00:00:00.000+10:00,0.000,140,603
1920-04-01T00:00:00.000+10:00,0.000,140,603
1920-05-01T00:00:00.000+10:00,0.000,140,603
1920-06-01T00:00:00.000+10:00,0.000,140,603
1920-07-01T00:00:00.000+10:00,6.276,140,603
1920-08-01T00:00:00.000+10:00,13.169,140,603
1920-09-01T00:00:00.000+10:00,40.709,140,603
1920-10-01T00:00:00.000+10:00,42.287,140,603
1920-11-01T00:00:00.000+10:00,8.161,140,603
1920-12-01T00:00:00.000+10:00,8.627,140,603
1921-01-01T00:00:00.000+10:00,21.635,140,603
1921-02-01T00:00:00.000+10:00,3.744,140,603
1921-03-01T00:00:00.000+10:00,1.400,140,603
1921-04-01T00:00:00.000+10:00,1.867,140,603
1921-05-01T00:00:00.000+10:00,9.433,140,603
1921-06-01T00:00:00.000+10:00,32.009,140,603
1921-07-01T00:00:00.000+10:00,66.597,140,603
1921-08-01T00:00:00.000+10:00,69.744,140,603
1921-09-01T00:00:00.000+10:00,96.550,140,603
1921-10-01T00:00:00.000+10:00,50.265,140,603
1921-11-01T00:00:00.000+10:00,26.282,140,603
1921-12-01T00:00:00.000+10:00,11.924,140,603
1922-01-01T00:00:00.000+10:00,14.819,140,603
1922-02-01T00:00:00.000+10:00,18.465,140,603
1922-03-01T00:00:00.000+10:00,7.065,140,603
1922-04-01T00:00:00.000+10:00,8.615,140,603
1922-05-01T00:00:00.000+10:00,10.703,140,603
1922-06-01T00:00:00.000+10:00,12.554,140,603
1922-07-01T00:00:00.000+10:00,12.732,140,603
1922-08-01T00:00:00.000+10:00,64.948,140,603
1922-09-01T00:00:00.000+10:00,91.082,140,603
1922-10-01T00:00:00.000+10:00,,-1,603
1922-11-01T00:00:00.000+10:00,,-1,603
1922-12-01T00:00:00.000+10:00,,-1,603
1923-01-01T00:00:00.000+10:00,,-1,603
1923-02-01T00:00:00.000+10:00,,-1,603
1923-03-01T00:00:00.000+10:00,,-1,603
1923-04-01T00:00:00.000+10:00,,-1,603
1923-05-01T00:00:00.000+10:00,,-1,603
1923-06-01T00:00:00.000+10:00,,-1,603
1923-07-01T00:00:00.000+10:00,,-1,603
1923-08-01T00:00:00.000+10:00,,-1,603
1923-09-01T00:00:00.000+10:00,,-1,603
1923-10-01T00:00:00.000+10:00,,-1,603
1923-11-01T00:00:00.000+10:00,,-1,603
1923-12-01T00:00:00.000+10:00,,-1,603
1924-01-01T00:00:00.000+10:00,,-1,603
1924-02-01T00:00:00.000+10:00,,-1,603
1924-03-01T00:00:00.000+10:00,,-1,603
1924-04-01T00:00:00.000+10:00,,-1,603
1924-05-01T00:00:00.000+10:00,,-1,603
1924-06-01T00:00:00.000+10:00,,-1,603
1924-07-01T00:00:00.000+10:00,,-1,603
1924-08-01T00:00:00.000+10:00,,-1,603
1924-09-01T00:00:00.000+10:00,,-1,603
1924-10-01T00:00:00.000+10:00,,-1,603
1924-11-01T00:00:00.000+10:00,,-1,603
1924-12-01T00:00:00.000+10:00,,-1,603
1925-01-01T00:00:00.000+10:00,,-1,603
1925-02-01T00:00:00.000+10:00,,-1,603
1925-03-01T00:00:00.000+10:00,,-1,603
1925-04-01T00:00:00.000+10:00,,-1,603
1925-05-01T00:00:00.000+10:00,,-1,603
1925-06-01T00:00:00.000+10:00,,-1,603
1925-07-01T00:00:00.000+10:00,22.563,140,603
1925-08-01T00:00:00.000+10:00,38.438,140,603
1925-09-01T00:00:00.000+10:00,26.712,140,603
1925-10-01T00:00:00.000+10:00,7.064,140,603
1925-11-01T00:00:00.000+10:00,2.622,140,603
1925-12-01T00:00:00.000+10:00,5.115,140,603
1926-01-01T00:00:00.000+10:00,1.592,140,603
1926-02-01T00:00:00.000+10:00,0.070,140,603
1926-03-01T00:00:00.000+10:00,0.012,140,603
1926-04-01T00:00:00.000+10:00,7.842,140,603
1926-05-01T00:00:00.000+10:00,14.475,140,603
1926-06-01T00:00:00.000+10:00,36.186,140,603
1926-07-01T00:00:00.000+10:00,38.646,140,603
1926-08-01T00:00:00.000+10:00,42.793,140,603
1926-09-01T00:00:00.000+10:00,42.188,140,603
1926-10-01T00:00:00.000+10:00,32.232,140,603
1926-11-01T00:00:00.000+10:00,19.741,140,603
1926-12-01T00:00:00.000+10:00,1.613,140,603
1927-01-01T00:00:00.000+10:00,0.428,140,603
1927-02-01T00:00:00.000+10:00,0.757,140,603
1927-03-01T00:00:00.000+10:00,0.448,140,603
1927-04-01T00:00:00.000+10:00,1.154,140,603
1927-05-01T00:00:00.000+10:00,0.252,140,603
1927-06-01T00:00:00.000+10:00,0.768,140,603
1927-07-01T00:00:00.000+10:00,1.177,140,603
1927-08-01T00:00:00.000+10:00,1.308,140,603
1927-09-01T00:00:00.000+10:00,1.883,140,603
1927-10-01T00:00:00.000+10:00,2.331,140,603
1927-11-01T00:00:00.000+10:00,1.119,140,603
1927-12-01T00:00:00.000+10:00,0.964,140,603
1928-01-01T00:00:00.000+10:00,0.130,140,603
1928-02-01T00:00:00.000+10:00,4.123,140,603
1928-03-01T00:00:00.000+10:00,25.419,140,603
1928-04-01T00:00:00.000+10:00,18.661,140,603
1928-05-01T00:00:00.000+10:00,15.081,140,603
1928-06-01T00:00:00.000+10:00,8.047,140,603
1928-07-01T00:00:00.000+10:00,18.246,140,603
1928-08-01T00:00:00.000+10:00,33.060,140,603
1928-09-01T00:00:00.000+10:00,24.959,140,603
1928-10-01T00:00:00.000+10:00,14.190,140,603
1928-11-01T00:00:00.000+10:00,14.170,140,603
1928-12-01T00:00:00.000+10:00,11.562,140,603
1929-01-01T00:00:00.000+10:00,0.761,140,603
1929-02-01T00:00:00.000+10:00,0.000,140,603
1929-03-01T00:00:00.000+10:00,0.757,140,603
1929-04-01T00:00:00.000+10:00,0.337,140,603
1929-05-01T00:00:00.000+10:00,0.618,140,603
1929-06-01T00:00:00.000+10:00,0.116,140,603
1929-07-01T00:00:00.000+10:00,0.073,140,603
1929-08-01T00:00:00.000+10:00,0.396,140,603
1929-09-01T00:00:00.000+10:00,1.598,140,603
1929-10-01T00:00:00.000+10:00,1.401,140,603
1929-11-01T00:00:00.000+10:00,0.116,140,603
1929-12-01T00:00:00.000+10:00,2.126,140,603
1930-01-01T00:00:00.000+10:00,0.937,140,603
1930-02-01T00:00:00.000+10:00,0.251,140,603
1930-03-01T00:00:00.000+10:00,0.000,140,603
1930-04-01T00:00:00.000+10:00,0.000,140,603
1930-05-01T00:00:00.000+10:00,0.000,140,603
1930-06-01T00:00:00.000+10:00,1.679,140,603
1930-07-01T00:00:00.000+10:00,2.777,140,603
1930-08-01T00:00:00.000+10:00,6.492,140,603
1930-09-01T00:00:00.000+10:00,15.432,140,603
1930-10-01T00:00:00.000+10:00,6.119,140,603
1930-11-01T00:00:00.000+10:00,20.501,140,603
1930-12-01T00:00:00.000+10:00,5.929,140,603
1931-01-01T00:00:00.000+10:00,4.059,140,603
1931-02-01T00:00:00.000+10:00,0.257,140,603
1931-03-01T00:00:00.000+10:00,1.716,140,603
1931-04-01T00:00:00.000+10:00,12.414,140,603
1931-05-01T00:00:00.000+10:00,11.481,140,603
1931-06-01T00:00:00.000+10:00,32.884,140,603
1931-07-01T00:00:00.000+10:00,49.210,140,603
1931-08-01T00:00:00.000+10:00,55.249,140,603
1931-09-01T00:00:00.000+10:00,51.393,140,603
1931-10-01T00:00:00.000+10:00,42.251,140,603
1931-11-01T00:00:00.000+10:00,13.818,140,603
1931-12-01T00:00:00.000+10:00,11.699,140,603
1932-01-01T00:00:00.000+10:00,5.503,140,603
1932-02-01T00:00:00.000+10:00,1.455,140,603
1932-03-01T00:00:00.000+10:00,2.050,140,603
1932-04-01T00:00:00.000+10:00,1.702,140,603
1932-05-01T00:00:00.000+10:00,3.647,140,603
1932-06-01T00:00:00.000+10:00,1.291,140,603
1932-07-01T00:00:00.000+10:00,6.417,140,603
1932-08-01T00:00:00.000+10:00,15.244,140,603
1932-09-01T00:00:00.000+10:00,16.152,140,603
1932-10-01T00:00:00.000+10:00,13.939,140,603
1932-11-01T00:00:00.000+10:00,3.677,140,603
1932-12-01T00:00:00.000+10:00,2.519,140,603
1933-01-01T00:00:00.000+10:00,0.409,140,603
1933-02-01T00:00:00.000+10:00,0.492,140,603
1933-03-01T00:00:00.000+10:00,0.837,140,603
1933-04-01T00:00:00.000+10:00,0.028,140,603
1933-05-01T00:00:00.000+10:00,0.000,140,603
1933-06-01T00:00:00.000+10:00,0.000,140,603
1933-07-01T00:00:00.000+10:00,0.000,140,603
1933-08-01T00:00:00.000+10:00,0.945,140,603
1933-09-01T00:00:00.000+10:00,6.027,140,603
1933-10-01T00:00:00.000+10:00,8.347,140,603
1933-11-01T00:00:00.000+10:00,2.777,140,603
1933-12-01T00:00:00.000+10:00,1.911,140,603
1934-01-01T00:00:00.000+10:00,1.720,140,603
1934-02-01T00:00:00.000+10:00,3.146,140,603
1934-03-01T00:00:00.000+10:00,7.258,140,603
1934-04-01T00:00:00.000+10:00,1.586,140,603
1934-05-01T00:00:00.000+10:00,0.558,140,603
1934-06-01T00:00:00.000+10:00,2.079,140,603
1934-07-01T00:00:00.000+10:00,1.393,140,603
1934-08-01T00:00:00.000+10:00,8.791,140,603
1934-09-01T00:00:00.000+10:00,22.160,140,603
1934-10-01T00:00:00.000+10:00,6.905,140,603
1934-11-01T00:00:00.000+10:00,17.854,140,603
1934-12-01T00:00:00.000+10:00,22.419,140,603
1935-01-01T00:00:00.000+10:00,4.608,140,603
1935-02-01T00:00:00.000+10:00,7.499,140,603
1935-03-01T00:00:00.000+10:00,1.283,140,603
1935-04-01T00:00:00.000+10:00,0.501,140,603
1935-05-01T00:00:00.000+10:00,3.212,140,603
1935-06-01T00:00:00.000+10:00,1.719,140,603
1935-07-01T00:00:00.000+10:00,1.187,140,603
1935-08-01T00:00:00.000+10:00,5.091,140,603
1935-09-01T00:00:00.000+10:00,5.847,140,603
1935-10-01T00:00:00.000+10:00,2.554,140,603
1935-11-01T00:00:00.000+10:00,2.248,140,603
1935-12-01T00:00:00.000+10:00,0.941,140,603
1936-01-01T00:00:00.000+10:00,3.313,140,603
1936-02-01T00:00:00.000+10:00,2.550,140,603
1936-03-01T00:00:00.000+10:00,2.734,140,603
1936-04-01T00:00:00.000+10:00,4.119,140,603
1936-05-01T00:00:00.000+10:00,2.114,140,603
1936-06-01T00:00:00.000+10:00,1.975,140,603
1936-07-01T00:00:00.000+10:00,2.939,140,603
1936-08-01T00:00:00.000+10:00,16.126,140,603
1936-09-01T00:00:00.000+10:00,30.311,140,603
1936-10-01T00:00:00.000+10:00,6.932,140,603
1936-11-01T00:00:00.000+10:00,1.745,140,603
1936-12-01T00:00:00.000+10:00,1.123,140,603
1937-01-01T00:00:00.000+10:00,1.890,140,603
1937-02-01T00:00:00.000+10:00,1.339,140,603
1937-03-01T00:00:00.000+10:00,0.935,140,603
1937-04-01T00:00:00.000+10:00,0.929,140,603
1937-05-01T00:00:00.000+10:00,1.046,140,603
1937-06-01T00:00:00.000+10:00,1.088,140,603
1937-07-01T00:00:00.000+10:00,1.007,140,603
1937-08-01T00:00:00.000+10:00,0.619,140,603
1937-09-01T00:00:00.000+10:00,1.425,140,603
1937-10-01T00:00:00.000+10:00,2.100,140,603
1937-11-01T00:00:00.000+10:00,1.403,140,603
1937-12-01T00:00:00.000+10:00,0.606,140,603
1938-01-01T00:00:00.000+10:00,0.296,140,603
1938-02-01T00:00:00.000+10:00,0.695,140,603
1938-03-01T00:00:00.000+10:00,0.930,140,603
1938-04-01T00:00:00.000+10:00,0.510,140,603
1938-05-01T00:00:00.000+10:00,1.894,140,603
1938-06-01T00:00:00.000+10:00,1.885,140,603
1938-07-01T00:00:00.000+10:00,3.441,140,603
1938-08-01T00:00:00.000+10:00,4.346,140,603
1938-09-01T00:00:00.000+10:00,2.228,140,603
1938-10-01T00:00:00.000+10:00,0.847,140,603
1938-11-01T00:00:00.000+10:00,2.476,140,603
1938-12-01T00:00:00.000+10:00,0.232,140,603
1939-01-01T00:00:00.000+10:00,0.145,140,603
1939-02-01T00:00:00.000+10:00,0.157,140,603
1939-03-01T00:00:00.000+10:00,3.196,140,603
1939-04-01T00:00:00.000+10:00,11.629,140,603
1939-05-01T00:00:00.000+10:00,4.468,140,603
1939-06-01T00:00:00.000+10:00,1.251,140,603
1939-07-01T00:00:00.000+10:00,1.459,140,603
1939-08-01T00:00:00.000+10:00,4.491,140,603
1939-09-01T00:00:00.000+10:00,18.277,140,603
1939-10-01T00:00:00.000+10:00,9.139,140,603
1939-11-01T00:00:00.000+10:00,17.382,140,603
1939-12-01T00:00:00.000+10:00,10.260,140,603
1940-01-01T00:00:00.000+10:00,0.413,140,603
1940-02-01T00:00:00.000+10:00,0.628,140,603
1940-03-01T00:00:00.000+10:00,0.390,140,603
1940-04-01T00:00:00.000+10:00,0.641,140,603
1940-05-01T00:00:00.000+10:00,1.246,140,603
1940-06-01T00:00:00.000+10:00,0.802,140,603
1940-07-01T00:00:00.000+10:00,0.251,140,603
1940-08-01T00:00:00.000+10:00,0.097,140,603
1940-09-01T00:00:00.000+10:00,0.439,140,603
1940-10-01T00:00:00.000+10:00,0.868,140,603
1940-11-01T00:00:00.000+10:00,0.108,140,603
1940-12-01T00:00:00.000+10:00,0.310,140,603
1941-01-01T00:00:00.000+10:00,6.509,140,603
1941-02-01T00:00:00.000+10:00,5.497,140,603
1941-03-01T00:00:00.000+10:00,0.070,140,603
1941-04-01T00:00:00.000+10:00,0.042,140,603
1941-05-01T00:00:00.000+10:00,0.023,140,603
1941-06-01T00:00:00.000+10:00,2.117,140,603
1941-07-01T00:00:00.000+10:00,1.837,140,603
1941-08-01T00:00:00.000+10:00,0.729,140,603
1941-09-01T00:00:00.000+10:00,0.431,140,603
1941-10-01T00:00:00.000+10:00,0.261,140,603
1941-11-01T00:00:00.000+10:00,0.462,140,603
1941-12-01T00:00:00.000+10:00,0.637,140,603
1942-01-01T00:00:00.000+10:00,0.402,140,603
1942-02-01T00:00:00.000+10:00,0.119,140,603
1942-03-01T00:00:00.000+10:00,0.569,140,603
1942-04-01T00:00:00.000+10:00,0.220,140,603
1942-05-01T00:00:00.000+10:00,0.468,140,603
1942-06-01T00:00:00.000+10:00,1.509,140,603
1942-07-01T00:00:00.000+10:00,14.835,140,603
1942-08-01T00:00:00.000+10:00,17.364,140,603
1942-09-01T00:00:00.000+10:00,13.115,140,603
1942-10-01T00:00:00.000+10:00,23.969,140,603
1942-11-01T00:00:00.000+10:00,14.863,140,603
1942-12-01T00:00:00.000+10:00,12.830,140,603
1943-01-01T00:00:00.000+10:00,3.287,140,603
1943-02-01T00:00:00.000+10:00,1.024,140,603
1943-03-01T00:00:00.000+10:00,0.875,140,603
1943-04-01T00:00:00.000+10:00,0.859,140,603
1943-05-01T00:00:00.000+10:00,2.224,140,603
1943-06-01T00:00:00.000+10:00,14.978,140,603
1943-07-01T00:00:00.000+10:00,16.781,140,603
1943-08-01T00:00:00.000+10:00,22.315,140,603
1943-09-01T00:00:00.000+10:00,35.287,140,603
1943-10-01T00:00:00.000+10:00,36.544,140,603
1943-11-01T00:00:00.000+10:00,25.169,140,603
1943-12-01T00:00:00.000+10:00,10.028,140,603
1944-01-01T00:00:00.000+10:00,0.938,140,603
1944-02-01T00:00:00.000+10:00,0.391,140,603
1944-03-01T00:00:00.000+10:00,0.867,140,603
1944-04-01T00:00:00.000+10:00,1.249,140,603
1944-05-01T00:00:00.000+10:00,1.650,140,603
1944-06-01T00:00:00.000+10:00,3.608,140,603
1944-07-01T00:00:00.000+10:00,0.907,140,603
1944-08-01T00:00:00.000+10:00,0.488,140,603
1944-09-01T00:00:00.000+10:00,0.721,140,603
1944-10-01T00:00:00.000+10:00,0.236,140,603
1944-11-01T00:00:00.000+10:00,0.064,140,603
1944-12-01T00:00:00.000+10:00,0.000,140,603
1945-01-01T00:00:00.000+10:00,0.000,140,603
1945-02-01T00:00:00.000+10:00,1.627,140,603
1945-03-01T00:00:00.000+10:00,,-1,603
1945-04-01T00:00:00.000+10:00,,-1,603
1945-05-01T00:00:00.000+10:00,,-1,603
1945-06-01T00:00:00.000+10:00,,-1,603
1945-07-01T00:00:00.000+10:00,,-1,603
1945-08-01T00:00:00.000+10:00,,-1,603
1945-09-01T00:00:00.000+10:00,,-1,603
1945-10-01T00:00:00.000+10:00,,-1,603
1945-11-01T00:00:00.000+10:00,,-1,603
1945-12-01T00:00:00.000+10:00,,-1,603
1946-01-01T00:00:00.000+10:00,,-1,603
1946-02-01T00:00:00.000+10:00,,-1,603
1946-03-01T00:00:00.000+10:00,3.630,140,603
1946-04-01T00:00:00.000+10:00,1.412,140,603
1946-05-01T00:00:00.000+10:00,1.115,140,603
1946-06-01T00:00:00.000+10:00,1.126,140,603
1946-07-01T00:00:00.000+10:00,1.100,140,603
1946-08-01T00:00:00.000+10:00,,-1,603
1946-09-01T00:00:00.000+10:00,,-1,603
1946-10-01T00:00:00.000+10:00,0.005,140,603
1946-11-01T00:00:00.000+10:00,,-1,603
1946-12-01T00:00:00.000+10:00,,-1,603
1947-01-01T00:00:00.000+10:00,,-1,603
1947-02-01T00:00:00.000+10:00,,-1,603
1947-03-01T00:00:00.000+10:00,,-1,603
1947-04-01T00:00:00.000+10:00,,-1,603
1947-05-01T00:00:00.000+10:00,1.524,140,603
1947-06-01T00:00:00.000+10:00,0.975,140,603
1947-07-01T00:00:00.000+10:00,3.176,140,603
1947-08-01T00:00:00.000+10:00,,-1,603
1947-09-01T00:00:00.000+10:00,,-1,603
1947-10-01T00:00:00.000+10:00,,-1,603
1947-11-01T00:00:00.000+10:00,,-1,603
1947-12-01T00:00:00.000+10:00,,-1,603
1948-01-01T00:00:00.000+10:00,,-1,603
1948-02-01T00:00:00.000+10:00,11.172,140,603
1948-03-01T00:00:00.000+10:00,,-1,603
1948-04-01T00:00:00.000+10:00,,-1,603
1948-05-01T00:00:00.000+10:00,,-1,603
1948-06-01T00:00:00.000+10:00,,-1,603
1948-07-01T00:00:00.000+10:00,,-1,603
1948-08-01T00:00:00.000+10:00,12.372,140,603
1948-09-01T00:00:00.000+10:00,16.559,140,603
1948-10-01T00:00:00.000+10:00,15.846,140,603
1948-11-01T00:00:00.000+10:00,3.035,140,603
1948-12-01T00:00:00.000+10:00,1.337,140,603
1949-01-01T00:00:00.000+10:00,1.036,140,603
1949-02-01T00:00:00.000+10:00,0.662,140,603
1949-03-01T00:00:00.000+10:00,1.947,140,603
1949-04-01T00:00:00.000+10:00,1.269,140,603
1949-05-01T00:00:00.000+10:00,1.156,140,603
1949-06-01T00:00:00.000+10:00,0.962,140,603
1949-07-01T00:00:00.000+10:00,0.902,140,603
1949-08-01T00:00:00.000+10:00,3.118,140,603
1949-09-01T00:00:00.000+10:00,1.222,140,603
1949-10-01T00:00:00.000+10:00,16.000,140,603
1949-11-01T00:00:00.000+10:00,24.763,140,603
1949-12-01T00:00:00.000+10:00,21.463,140,603
1950-01-01T00:00:00.000+10:00,6.893,140,603
1950-02-01T00:00:00.000+10:00,10.948,140,603
1950-03-01T00:00:00.000+10:00,19.684,140,603
1950-04-01T00:00:00.000+10:00,26.413,140,603
1950-05-01T00:00:00.000+10:00,38.754,140,603
1950-06-01T00:00:00.000+10:00,41.660,140,603
1950-07-01T00:00:00.000+10:00,45.236,140,603
1950-08-01T00:00:00.000+10:00,49.903,140,603
1950-09-01T00:00:00.000+10:00,49.523,140,603
1950-10-01T00:00:00.000+10:00,46.677,140,603
1950-11-01T00:00:00.000+10:00,47.620,140,603
1950-12-01T00:00:00.000+10:00,47.318,140,603
1951-01-01T00:00:00.000+10:00,34.976,140,603
1951-02-01T00:00:00.000+10:00,8.544,140,603
1951-03-01T00:00:00.000+10:00,5.619,140,603
1951-04-01T00:00:00.000+10:00,3.532,140,603
1951-05-01T00:00:00.000+10:00,5.230,140,603
1951-06-01T00:00:00.000+10:00,6.476,140,603
1951-07-01T00:00:00.000+10:00,20.687,140,603
1951-08-01T00:00:00.000+10:00,38.808,140,603
1951-09-01T00:00:00.000+10:00,44.662,140,603
1951-10-01T00:00:00.000+10:00,40.070,140,603
1951-11-01T00:00:00.000+10:00,37.236,140,603
1951-12-01T00:00:00.000+10:00,12.248,140,603
1952-01-01T00:00:00.000+10:00,3.674,140,603
1952-02-01T00:00:00.000+10:00,1.831,140,603
1952-03-01T00:00:00.000+10:00,1.845,140,603
1952-04-01T00:00:00.000+10:00,1.368,140,603
1952-05-01T00:00:00.000+10:00,17.715,140,603
1952-06-01T00:00:00.000+10:00,39.935,140,603
1952-07-01T00:00:00.000+10:00,45.895,140,603
1952-08-01T00:00:00.000+10:00,52.488,140,603
1952-09-01T00:00:00.000+10:00,52.076,140,603
1952-10-01T00:00:00.000+10:00,48.457,140,603
1952-11-01T00:00:00.000+10:00,46.961,140,603
1952-12-01T00:00:00.000+10:00,30.626,140,603
1953-01-01T00:00:00.000+10:00,19.828,140,603
1953-02-01T00:00:00.000+10:00,22.955,140,603
1953-03-01T00:00:00.000+10:00,12.307,140,603
1953-04-01T00:00:00.000+10:00,7.433,140,603
1953-05-01T00:00:00.000+10:00,2.842,140,603
1953-06-01T00:00:00.000+10:00,1.309,140,603
1953-07-01T00:00:00.000+10:00,0.865,140,603
1953-08-01T00:00:00.000+10:00,1.255,140,603
1953-09-01T00:00:00.000+10:00,9.169,140,603
1953-10-01T00:00:00.000+10:00,5.396,140,603
1953-11-01T00:00:00.000+10:00,9.726,140,603
1953-12-01T00:00:00.000+10:00,6.659,140,603
1954-01-01T00:00:00.000+10:00,2.044,140,603
1954-02-01T00:00:00.000+10:00,2.077,140,603
1954-03-01T00:00:00.000+10:00,3.117,140,603
1954-04-01T00:00:00.000+10:00,,-1,603
1954-05-01T00:00:00.000+10:00,1.532,140,603
1954-06-01T00:00:00.000+10:00,1.061,140,603
1954-07-01T00:00:00.000+10:00,0.630,140,603
1954-08-01T00:00:00.000+10:00,1.036,140,603
1954-09-01T00:00:00.000+10:00,1.471,140,603
1954-10-01T00:00:00.000+10:00,0.249,140,603
1954-11-01T00:00:00.000+10:00,1.915,140,603
1954-12-01T00:00:00.000+10:00,4.963,140,603
1955-01-01T00:00:00.000+10:00,0.747,140,603
1955-02-01T00:00:00.000+10:00,1.183,140,603
1955-03-01T00:00:00.000+10:00,9.683,140,603
1955-04-01T00:00:00.000+10:00,17.088,140,603
1955-05-01T00:00:00.000+10:00,4.680,140,603
1955-06-01T00:00:00.000+10:00,4.622,140,603
1955-07-01T00:00:00.000+10:00,8.409,140,603
1955-08-01T00:00:00.000+10:00,20.827,140,603
1955-09-01T00:00:00.000+10:00,33.690,140,603
1955-10-01T00:00:00.000+10:00,,-1,603
1955-11-01T00:00:00.000+10:00,32.491,140,603
1955-12-01T00:00:00.000+10:00,32.997,140,603
1956-01-01T00:00:00.000+10:00,13.989,140,603
1956-02-01T00:00:00.000+10:00,14.912,140,603
1956-03-01T00:00:00.000+10:00,26.798,140,603
1956-04-01T00:00:00.000+10:00,39.723,140,603
1956-05-01T00:00:00.000+10:00,47.107,140,603
1956-06-01T00:00:00.000+10:00,48.920,140,603
1956-07-01T00:00:00.000+10:00,55.652,140,603
1956-08-01T00:00:00.000+10:00,68.979,140,603
1956-09-01T00:00:00.000+10:00,74.144,140,603
1956-10-01T00:00:00.000+10:00,58.615,140,603
1956-11-01T00:00:00.000+10:00,47.958,140,603
1956-12-01T00:00:00.000+10:00,46.452,140,603
1957-01-01T00:00:00.000+10:00,21.499,140,603
1957-02-01T00:00:00.000+10:00,7.776,140,603
1957-03-01T00:00:00.000+10:00,6.706,140,603
1957-04-01T00:00:00.000+10:00,4.108,140,603
1957-05-01T00:00:00.000+10:00,2.698,140,603
1957-06-01T00:00:00.000+10:00,2.665,140,603
1957-07-01T00:00:00.000+10:00,4.805,140,603
1957-08-01T00:00:00.000+10:00,4.199,140,603
1957-09-01T00:00:00.000+10:00,2.002,140,603
1957-10-01T00:00:00.000+10:00,0.668,140,603
1957-11-01T00:00:00.000+10:00,0.275,140,603
1957-12-01T00:00:00.000+10:00,0.699,140,603
1958-01-01T00:00:00.000+10:00,0.761,140,603
1958-02-01T00:00:00.000+10:00,0.673,140,603
1958-03-01T00:00:00.000+10:00,0.670,140,603
1958-04-01T00:00:00.000+10:00,0.962,140,603
1958-05-01T00:00:00.000+10:00,0.836,140,603
1958-06-01T00:00:00.000+10:00,0.634,140,603
1958-07-01T00:00:00.000+10:00,0.618,140,603
1958-08-01T00:00:00.000+10:00,0.368,140,603
1958-09-01T00:00:00.000+10:00,10.360,140,603
1958-10-01T00:00:00.000+10:00,21.177,140,603
1958-11-01T00:00:00.000+10:00,26.201,140,603
1958-12-01T00:00:00.000+10:00,6.195,140,603
1959-01-01T00:00:00.000+10:00,1.428,140,603
1959-02-01T00:00:00.000+10:00,0.609,140,603
1959-03-01T00:00:00.000+10:00,9.647,140,603
1959-04-01T00:00:00.000+10:00,31.462,140,603
1959-05-01T00:00:00.000+10:00,33.305,140,603
1959-06-01T00:00:00.000+10:00,12.410,140,603
1959-07-01T00:00:00.000+10:00,12.403,140,603
1959-08-01T00:00:00.000+10:00,27.089,140,603
1959-09-01T00:00:00.000+10:00,29.499,140,603
1959-10-01T00:00:00.000+10:00,15.548,140,603
1959-11-01T00:00:00.000+10:00,26.147,140,603
1959-12-01T00:00:00.000+10:00,17.392,140,603
1960-01-01T00:00:00.000+10:00,4.991,140,603
1960-02-01T00:00:00.000+10:00,1.401,140,603
1960-03-01T00:00:00.000+10:00,1.024,140,603
1960-04-01T00:00:00.000+10:00,0.937,140,603
1960-05-01T00:00:00.000+10:00,2.030,140,603
1960-06-01T00:00:00.000+10:00,1.731,140,603
1960-07-01T00:00:00.000+10:00,1.217,140,603
1960-08-01T00:00:00.000+10:00,21.118,140,603
1960-09-01T00:00:00.000+10:00,39.708,140,603
1960-10-01T00:00:00.000+10:00,40.863,140,603
1960-11-01T00:00:00.000+10:00,39.803,140,603
1960-12-01T00:00:00.000+10:00,18.776,140,603
1961-01-01T00:00:00.000+10:00,18.658,140,603
1961-02-01T00:00:00.000+10:00,13.629,140,603
1961-03-01T00:00:00.000+10:00,4.239,140,603
1961-04-01T00:00:00.000+10:00,2.450,140,603
1961-05-01T00:00:00.000+10:00,2.925,140,603
1961-06-01T00:00:00.000+10:00,1.882,140,603
1961-07-01T00:00:00.000+10:00,1.405,140,603
1961-08-01T00:00:00.000+10:00,8.624,140,603
1961-09-01T00:00:00.000+10:00,31.226,140,603
1961-10-01T00:00:00.000+10:00,22.427,140,603
1961-11-01T00:00:00.000+10:00,7.011,140,603
1961-12-01T00:00:00.000+10:00,25.024,140,603
1962-01-01T00:00:00.000+10:00,28.931,140,603
1962-02-01T00:00:00.000+10:00,29.564,140,603
1962-03-01T00:00:00.000+10:00,15.762,140,603
1962-04-01T00:00:00.000+10:00,6.387,140,603
1962-05-01T00:00:00.000+10:00,4.080,140,603
1962-06-01T00:00:00.000+10:00,4.666,140,603
1962-07-01T00:00:00.000+10:00,2.123,140,603
1962-08-01T00:00:00.000+10:00,5.537,140,603
1962-09-01T00:00:00.000+10:00,25.121,140,603
1962-10-01T00:00:00.000+10:00,20.464,140,603
1962-11-01T00:00:00.000+10:00,5.639,140,603
1962-12-01T00:00:00.000+10:00,2.029,140,603
1963-01-01T00:00:00.000+10:00,5.056,140,603
1963-02-01T00:00:00.000+10:00,1.822,140,603
1963-03-01T00:00:00.000+10:00,1.834,140,603
1963-04-01T00:00:00.000+10:00,1.844,140,603
1963-05-01T00:00:00.000+10:00,2.049,140,603
1963-06-01T00:00:00.000+10:00,12.670,140,603
1963-07-01T00:00:00.000+10:00,28.977,140,603
1963-08-01T00:00:00.000+10:00,40.989,140,603
1963-09-01T00:00:00.000+10:00,42.147,140,603
1963-10-01T00:00:00.000+10:00,43.742,140,603
1963-11-01T00:00:00.000+10:00,29.323,140,603
1963-12-01T00:00:00.000+10:00,7.929,140,603
1964-01-01T00:00:00.000+10:00,3.204,140,603
1964-02-01T00:00:00.000+10:00,1.483,140,603
1964-03-01T00:00:00.000+10:00,1.308,140,603
1964-04-01T00:00:00.000+10:00,1.368,140,603
1964-05-01T00:00:00.000+10:00,1.424,140,603
1964-06-01T00:00:00.000+10:00,1.123,140,603
1964-07-01T00:00:00.000+10:00,1.250,140,603
1964-08-01T00:00:00.000+10:00,16.096,140,603
1964-09-01T00:00:00.000+10:00,27.733,140,603
1964-10-01T00:00:00.000+10:00,38.728,140,603
1964-11-01T00:00:00.000+10:00,41.199,140,603
1964-12-01T00:00:00.000+10:00,20.326,140,603
1965-01-01T00:00:00.000+10:00,1.271,140,603
1965-02-01T00:00:00.000+10:00,1.087,140,603
1965-03-01T00:00:00.000+10:00,0.801,140,603
1965-04-01T00:00:00.000+10:00,1.536,140,603
1965-05-01T00:00:00.000+10:00,1.360,140,603
1965-06-01T00:00:00.000+10:00,0.882,140,603
1965-07-01T00:00:00.000+10:00,0.390,140,603
1965-08-01T00:00:00.000+10:00,0.466,140,603
1965-09-01T00:00:00.000+10:00,0.746,140,603
1965-10-01T00:00:00.000+10:00,0.127,140,603
1965-11-01T00:00:00.000+10:00,0.520,140,603
1965-12-01T00:00:00.000+10:00,0.383,140,603
1966-01-01T00:00:00.000+10:00,0.127,140,603
1966-02-01T00:00:00.000+10:00,0.000,140,603
1966-03-01T00:00:00.000+10:00,0.000,140,603
1966-04-01T00:00:00.000+10:00,1.598,140,603
1966-05-01T00:00:00.000+10:00,0.321,140,603
1966-06-01T00:00:00.000+10:00,0.486,140,603
1966-07-01T00:00:00.000+10:00,0.107,140,603
1966-08-01T00:00:00.000+10:00,0.116,140,603
1966-09-01T00:00:00.000+10:00,0.423,140,603
1966-10-01T00:00:00.000+10:00,0.671,140,603
1966-11-01T00:00:00.000+10:00,3.788,140,603
1966-12-01T00:00:00.000+10:00,13.852,140,603
1967-01-01T00:00:00.000+10:00,,-1,603
1967-02-01T00:00:00.000+10:00,1.018,140,603
1967-03-01T00:00:00.000+10:00,1.779,140,603
1967-04-01T00:00:00.000+10:00,1.134,140,603
1967-05-01T00:00:00.000+10:00,1.024,140,603
1967-06-01T00:00:00.000+10:00,0.988,140,603
1967-07-01T00:00:00.000+10:00,0.784,140,603
1967-08-01T00:00:00.000+10:00,0.560,140,603
1967-09-01T00:00:00.000+10:00,1.014,140,603
1967-10-01T00:00:00.000+10:00,0.906,140,603
1967-11-01T00:00:00.000+10:00,0.269,140,603
1967-12-01T00:00:00.000+10:00,0.283,140,603
1968-01-01T00:00:00.000+10:00,0.085,140,603
1968-02-01T00:00:00.000+10:00,0.973,140,603
1968-03-01T00:00:00.000+10:00,0.194,140,603
1968-04-01T00:00:00.000+10:00,0.000,140,603
1968-05-01T00:00:00.000+10:00,1.632,140,603
1968-06-01T00:00:00.000+10:00,1.062,140,603
1968-07-01T00:00:00.000+10:00,0.757,140,603
1968-08-01T00:00:00.000+10:00,1.317,140,603
1968-09-01T00:00:00.000+10:00,8.380,140,603
1968-10-01T00:00:00.000+10:00,5.976,140,603
1968-11-01T00:00:00.000+10:00,4.495,140,603
1968-12-01T00:00:00.000+10:00,1.780,140,603
1969-01-01T00:00:00.000+10:00,1.602,10,603
1969-02-01T00:00:00.000+10:00,2.419,10,603
1969-03-01T00:00:00.000+10:00,2.774,10,603
1969-04-01T00:00:00.000+10:00,10.181,10,603
1969-05-01T00:00:00.000+10:00,19.806,10,603
1969-06-01T00:00:00.000+10:00,27.497,10,603
1969-07-01T00:00:00.000+10:00,33.556,10,603
1969-08-01T00:00:00.000+10:00,35.662,10,603
1969-09-01T00:00:00.000+10:00,36.880,10,603
1969-10-01T00:00:00.000+10:00,33.765,10,603
1969-11-01T00:00:00.000+10:00,27.954,10,603
1969-12-01T00:00:00.000+10:00,30.837,10,603
1970-01-01T00:00:00.000+10:00,3.808,10,603
1970-02-01T00:00:00.000+10:00,1.924,10,603
1970-03-01T00:00:00.000+10:00,2.266,10,603
1970-04-01T00:00:00.000+10:00,2.050,10,603
1970-05-01T00:00:00.000+10:00,1.783,10,603
1970-06-01T00:00:00.000+10:00,1.252,10,603
1970-07-01T00:00:00.000+10:00,1.472,10,603
1970-08-01T00:00:00.000+10:00,1.663,10,603
1970-09-01T00:00:00.000+10:00,2.236,10,603
1970-10-01T00:00:00.000+10:00,21.733,140,603
1970-11-01T00:00:00.000+10:00,31.453,140,603
1970-12-01T00:00:00.000+10:00,13.256,140,603
1971-01-01T00:00:00.000+10:00,2.781,140,603
1971-02-01T00:00:00.000+10:00,3.819,140,603
1971-03-01T00:00:00.000+10:00,12.727,140,603
1971-04-01T00:00:00.000+10:00,2.826,140,603
1971-05-01T00:00:00.000+10:00,2.608,140,603
1971-06-01T00:00:00.000+10:00,2.126,140,603
1971-07-01T00:00:00.000+10:00,2.398,140,603
1971-08-01T00:00:00.000+10:00,2.377,140,603
1971-09-01T00:00:00.000+10:00,1.686,140,603
1971-10-01T00:00:00.000+10:00,2.460,140,603
1971-11-01T00:00:00.000+10:00,3.905,140,603
1971-12-01T00:00:00.000+10:00,3.185,140,603
1972-01-01T00:00:00.000+10:00,4.064,140,603
1972-02-01T00:00:00.000+10:00,8.055,140,603
1972-03-01T00:00:00.000+10:00,3.267,140,603
1972-04-01T00:00:00.000+10:00,4.150,140,603
1972-05-01T00:00:00.000+10:00,3.302,140,603
1972-06-01T00:00:00.000+10:00,2.587,140,603
1972-07-01T00:00:00.000+10:00,2.898,140,603
1972-08-01T00:00:00.000+10:00,3.156,140,603
1972-09-01T00:00:00.000+10:00,2.578,140,603
1972-10-01T00:00:00.000+10:00,3.388,140,603
1972-11-01T00:00:00.000+10:00,2.735,140,603
1972-12-01T00:00:00.000+10:00,1.911,140,603
1973-01-01T00:00:00.000+10:00,2.290,140,603
1973-02-01T00:00:00.000+10:00,2.364,140,603
1973-03-01T00:00:00.000+10:00,1.819,140,603
1973-04-01T00:00:00.000+10:00,1.942,140,603
1973-05-01T00:00:00.000+10:00,1.878,140,603
1973-06-01T00:00:00.000+10:00,1.369,140,603
1973-07-01T00:00:00.000+10:00,,-1,603
1973-08-01T00:00:00.000+10:00,,-1,603
1973-09-01T00:00:00.000+10:00,,-1,603
1973-10-01T00:00:00.000+10:00,,-1,603
1973-11-01T00:00:00.000+10:00,16.857,140,603
1973-12-01T00:00:00.000+10:00,20.825,140,603
1974-01-01T00:00:00.000+10:00,17.989,140,603
1974-02-01T00:00:00.000+10:00,15.516,140,603
1974-03-01T00:00:00.000+10:00,8.790,140,603
1974-04-01T00:00:00.000+10:00,7.146,140,603
1974-05-01T00:00:00.000+10:00,29.221,140,603
1974-06-01T00:00:00.000+10:00,36.337,140,603
1974-07-01T00:00:00.000+10:00,39.102,140,603
1974-08-01T00:00:00.000+10:00,39.688,140,603
1974-09-01T00:00:00.000+10:00,45.135,140,603
1974-10-01T00:00:00.000+10:00,50.563,140,603
1974-11-01T00:00:00.000+10:00,49.738,140,603
1974-12-01T00:00:00.000+10:00,43.918,140,603
1975-01-01T00:00:00.000+10:00,8.494,140,603
1975-02-01T00:00:00.000+10:00,3.212,140,603
1975-03-01T00:00:00.000+10:00,2.891,140,603
1975-04-01T00:00:00.000+10:00,2.756,140,603
1975-05-01T00:00:00.000+10:00,1.648,140,603
1975-06-01T00:00:00.000+10:00,1.935,140,603
1975-07-01T00:00:00.000+10:00,3.471,140,603
1975-08-01T00:00:00.000+10:00,8.452,140,603
1975-09-01T00:00:00.000+10:00,19.839,140,603
1975-10-01T00:00:00.000+10:00,32.197,140,603
1975-11-01T00:00:00.000+10:00,33.779,140,603
1975-12-01T00:00:00.000+10:00,22.036,140,603
1976-01-01T00:00:00.000+10:00,5.067,140,603
1976-02-01T00:00:00.000+10:00,24.519,140,603
1976-03-01T00:00:00.000+10:00,33.866,140,603
1976-04-01T00:00:00.000+10:00,26.297,140,603
1976-05-01T00:00:00.000+10:00,6.277,140,603
1976-06-01T00:00:00.000+10:00,4.416,140,603
1976-07-01T00:00:00.000+10:00,4.775,140,603
1976-08-01T00:00:00.000+10:00,4.021,140,603
1976-09-01T00:00:00.000+10:00,4.322,140,603
1976-10-01T00:00:00.000+10:00,10.360,140,603
1976-11-01T00:00:00.000+10:00,35.351,140,603
1976-12-01T00:00:00.000+10:00,19.991,140,603
1977-01-01T00:00:00.000+10:00,4.053,140,603
1977-02-01T00:00:00.000+10:00,4.352,140,603
1977-03-01T00:00:00.000+10:00,4.028,140,603
1977-04-01T00:00:00.000+10:00,2.964,140,603
1977-05-01T00:00:00.000+10:00,4.038,140,603
1977-06-01T00:00:00.000+10:00,3.213,140,603
1977-07-01T00:00:00.000+10:00,9.446,140,603
1977-08-01T00:00:00.000+10:00,7.493,140,603
1977-09-01T00:00:00.000+10:00,7.198,140,603
1977-10-01T00:00:00.000+10:00,11.569,140,603
1977-11-01T00:00:00.000+10:00,4.193,140,603
1977-12-01T00:00:00.000+10:00,3.222,140,603
1978-01-01T00:00:00.000+10:00,2.683,140,603
1978-02-01T00:00:00.000+10:00,3.256,140,603
1978-03-01T00:00:00.000+10:00,2.905,140,603
1978-04-01T00:00:00.000+10:00,4.353,140,603
1978-05-01T00:00:00.000+10:00,10.574,140,603
1978-06-01T00:00:00.000+10:00,10.031,140,603
1978-07-01T00:00:00.000+10:00,34.649,140,603
1978-08-01T00:00:00.000+10:00,40.832,140,603
1978-09-01T00:00:00.000+10:00,42.022,140,603
1978-10-01T00:00:00.000+10:00,41.793,140,603
1978-11-01T00:00:00.000+10:00,32.367,140,603
1978-12-01T00:00:00.000+10:00,22.288,140,603
1979-01-01T00:00:00.000+10:00,4.041,140,603
1979-02-01T00:00:00.000+10:00,4.038,140,603
1979-03-01T00:00:00.000+10:00,4.466,140,603
1979-04-01T00:00:00.000+10:00,3.189,140,603
1979-05-01T00:00:00.000+10:00,2.621,140,603
1979-06-01T00:00:00.000+10:00,1.267,140,603
1979-07-01T00:00:00.000+10:00,1.892,140,603
1979-08-01T00:00:00.000+10:00,1.932,140,603
1979-09-01T00:00:00.000+10:00,3.675,140,603
1979-10-01T00:00:00.000+10:00,3.609,140,603
1979-11-01T00:00:00.000+10:00,3.095,140,603
1979-12-01T00:00:00.000+10:00,2.568,140,603
1980-01-01T00:00:00.000+10:00,2.315,140,603
1980-02-01T00:00:00.000+10:00,1.881,140,603
1980-03-01T00:00:00.000+10:00,1.918,140,603
1980-04-01T00:00:00.000+10:00,1.957,140,603
1980-05-01T00:00:00.000+10:00,1.539,140,603
1980-06-01T00:00:00.000+10:00,1.608,140,603
1980-07-01T00:00:00.000+10:00,1.349,140,603
1980-08-01T00:00:00.000+10:00,1.777,140,603
1980-09-01T00:00:00.000+10:00,1.543,140,603
1980-10-01T00:00:00.000+10:00,1.252,140,603
1980-11-01T00:00:00.000+10:00,1.625,140,603
1980-12-01T00:00:00.000+10:00,1.607,140,603
1981-01-01T00:00:00.000+10:00,1.631,140,603
1981-02-01T00:00:00.000+10:00,1.769,140,603
1981-03-01T00:00:00.000+10:00,1.800,140,603
1981-04-01T00:00:00.000+10:00,0.760,140,603
1981-05-01T00:00:00.000+10:00,1.552,140,603
1981-06-01T00:00:00.000+10:00,1.221,140,603
1981-07-01T00:00:00.000+10:00,1.082,140,603
1981-08-01T00:00:00.000+10:00,1.786,140,603
1981-09-01T00:00:00.000+10:00,5.834,140,603
1981-10-01T00:00:00.000+10:00,1.987,140,603
1981-11-01T00:00:00.000+10:00,2.758,140,603
1981-12-01T00:00:00.000+10:00,1.713,140,603
1982-01-01T00:00:00.000+10:00,1.869,140,603
1982-02-01T00:00:00.000+10:00,2.295,140,603
1982-03-01T00:00:00.000+10:00,3.629,140,603
1982-04-01T00:00:00.000+10:00,2.206,140,603
1982-05-01T00:00:00.000+10:00,1.664,140,603
1982-06-01T00:00:00.000+10:00,1.878,140,603
1982-07-01T00:00:00.000+10:00,1.338,140,603
1982-08-01T00:00:00.000+10:00,1.443,140,603
1982-09-01T00:00:00.000+10:00,1.816,140,603
1982-10-01T00:00:00.000+10:00,1.104,140,603
1982-11-01T00:00:00.000+10:00,0.815,140,603
1982-12-01T00:00:00.000+10:00,0.780,140,603
1983-01-01T00:00:00.000+10:00,0.362,140,603
1983-02-01T00:00:00.000+10:00,0.920,140,603
1983-03-01T00:00:00.000+10:00,1.122,140,603
1983-04-01T00:00:00.000+10:00,0.884,140,603
1983-05-01T00:00:00.000+10:00,0.600,140,603
1983-06-01T00:00:00.000+10:00,0.537,140,603
1983-07-01T00:00:00.000+10:00,0.387,140,603
1983-08-01T00:00:00.000+10:00,0.524,140,603
1983-09-01T00:00:00.000+10:00,1.608,140,603
1983-10-01T00:00:00.000+10:00,0.562,140,603
1983-11-01T00:00:00.000+10:00,1.736,140,603
1983-12-01T00:00:00.000+10:00,1.298,140,603
1984-01-01T00:00:00.000+10:00,2.336,140,603
1984-02-01T00:00:00.000+10:00,11.649,140,603
1984-03-01T00:00:00.000+10:00,5.758,140,603
1984-04-01T00:00:00.000+10:00,3.161,140,603
1984-05-01T00:00:00.000+10:00,2.608,140,603
1984-06-01T00:00:00.000+10:00,1.273,140,603
1984-07-01T00:00:00.000+10:00,1.507,140,603
1984-08-01T00:00:00.000+10:00,14.073,140,603
1984-09-01T00:00:00.000+10:00,36.949,140,603
1984-10-01T00:00:00.000+10:00,42.296,140,603
1984-11-01T00:00:00.000+10:00,36.166,140,603
1984-12-01T00:00:00.000+10:00,13.323,140,603
1985-01-01T00:00:00.000+10:00,2.466,140,603
1985-02-01T00:00:00.000+10:00,2.504,140,603
1985-03-01T00:00:00.000+10:00,1.871,140,603
1985-04-01T00:00:00.000+10:00,1.989,140,603
1985-05-01T00:00:00.000+10:00,2.088,140,603
1985-06-01T00:00:00.000+10:00,1.965,140,603
1985-07-01T00:00:00.000+10:00,1.262,140,603
1985-08-01T00:00:00.000+10:00,1.917,140,603
1985-09-01T00:00:00.000+10:00,1.177,140,603
1985-10-01T00:00:00.000+10:00,4.057,140,603
1985-11-01T00:00:00.000+10:00,3.237,140,603
1985-12-01T00:00:00.000+10:00,2.555,140,603
1986-01-01T00:00:00.000+10:00,2.345,140,603
1986-02-01T00:00:00.000+10:00,2.289,140,603
1986-03-01T00:00:00.000+10:00,2.335,140,603
1986-04-01T00:00:00.000+10:00,2.210,140,603
1986-05-01T00:00:00.000+10:00,2.125,140,603
1986-06-01T00:00:00.000+10:00,1.488,140,603
1986-07-01T00:00:00.000+10:00,1.849,140,603
1986-08-01T00:00:00.000+10:00,2.539,140,603
1986-09-01T00:00:00.000+10:00,2.992,140,603
1986-10-01T00:00:00.000+10:00,7.144,140,603
1986-11-01T00:00:00.000+10:00,11.792,140,603
1986-12-01T00:00:00.000+10:00,12.340,140,603
1987-01-01T00:00:00.000+10:00,3.429,140,603
1987-02-01T00:00:00.000+10:00,3.332,140,603
1987-03-01T00:00:00.000+10:00,3.136,140,603
1987-04-01T00:00:00.000+10:00,2.014,140,603
1987-05-01T00:00:00.000+10:00,2.282,140,603
1987-06-01T00:00:00.000+10:00,2.210,140,603
1987-07-01T00:00:00.000+10:00,2.985,140,603
1987-08-01T00:00:00.000+10:00,2.355,140,603
1987-09-01T00:00:00.000+10:00,4.143,140,603
1987-10-01T00:00:00.000+10:00,2.892,140,603
1987-11-01T00:00:00.000+10:00,3.098,140,603
1987-12-01T00:00:00.000+10:00,2.685,140,603
1988-01-01T00:00:00.000+10:00,2.832,140,603
1988-02-01T00:00:00.000+10:00,2.995,140,603
1988-03-01T00:00:00.000+10:00,2.308,140,603
1988-04-01T00:00:00.000+10:00,2.804,140,603
1988-05-01T00:00:00.000+10:00,2.066,140,603
1988-06-01T00:00:00.000+10:00,1.696,140,603
1988-07-01T00:00:00.000+10:00,3.400,140,603
1988-08-01T00:00:00.000+10:00,2.604,140,603
1988-09-01T00:00:00.000+10:00,2.842,140,603
1988-10-01T00:00:00.000+10:00,19.730,140,603
1988-11-01T00:00:00.000+10:00,10.889,140,603
1988-12-01T00:00:00.000+10:00,4.808,140,603
1989-01-01T00:00:00.000+10:00,6.001,140,603
1989-02-01T00:00:00.000+10:00,4.650,140,603
1989-03-01T00:00:00.000+10:00,4.903,140,603
1989-04-01T00:00:00.000+10:00,8.193,140,603
1989-05-01T00:00:00.000+10:00,33.379,140,603
1989-06-01T00:00:00.000+10:00,37.239,140,603
1989-07-01T00:00:00.000+10:00,40.366,140,603
1989-08-01T00:00:00.000+10:00,43.194,140,603
1989-09-01T00:00:00.000+10:00,43.681,140,603
1989-10-01T00:00:00.000+10:00,20.260,140,603
1989-11-01T00:00:00.000+10:00,4.300,140,603
1989-12-01T00:00:00.000+10:00,2.742,140,603
1990-01-01T00:00:00.000+10:00,3.292,140,603
1990-02-01T00:00:00.000+10:00,2.428,140,603
1990-03-01T00:00:00.000+10:00,2.782,10,603
1990-04-01T00:00:00.000+10:00,4.107,10,603
1990-05-01T00:00:00.000+10:00,18.929,10,603
1990-06-01T00:00:00.000+10:00,42.723,10,603
1990-07-01T00:00:00.000+10:00,46.077,10,603
1990-08-01T00:00:00.000+10:00,48.999,90,603
1990-09-01T00:00:00.000+10:00,54.756,10,603
1990-10-01T00:00:00.000+10:00,52.222,10,603
1990-11-01T00:00:00.000+10:00,39.414,10,603
1990-12-01T00:00:00.000+10:00,6.822,10,603
1991-01-01T00:00:00.000+10:00,3.711,10,603
1991-02-01T00:00:00.000+10:00,3.829,10,603
1991-03-01T00:00:00.000+10:00,2.632,10,603
1991-04-01T00:00:00.000+10:00,2.379,10,603
1991-05-01T00:00:00.000+10:00,2.379,10,603
1991-06-01T00:00:00.000+10:00,2.447,90,603
1991-07-01T00:00:00.000+10:00,1.717,10,603
1991-08-01T00:00:00.000+10:00,1.678,10,603
1991-09-01T00:00:00.000+10:00,10.556,10,603
1991-10-01T00:00:00.000+10:00,28.256,10,603
1991-11-01T00:00:00.000+10:00,4.767,10,603
1991-12-01T00:00:00.000+10:00,3.632,10,603
1992-01-01T00:00:00.000+10:00,2.250,10,603
1992-02-01T00:00:00.000+10:00,3.876,10,603
1992-03-01T00:00:00.000+10:00,3.731,10,603
1992-04-01T00:00:00.000+10:00,2.462,10,603
1992-05-01T00:00:00.000+10:00,3.000,10,603
1992-06-01T00:00:00.000+10:00,4.293,10,603
1992-07-01T00:00:00.000+10:00,3.859,10,603
1992-08-01T00:00:00.000+10:00,3.409,10,603
1992-09-01T00:00:00.000+10:00,5.321,10,603
1992-10-01T00:00:00.000+10:00,20.981,10,603
1992-11-01T00:00:00.000+10:00,32.976,10,603
1992-12-01T00:00:00.000+10:00,29.192,10,603
1993-01-01T00:00:00.000+10:00,25.318,10,603
1993-02-01T00:00:00.000+10:00,10.307,10,603
1993-03-01T00:00:00.000+10:00,3.249,10,603
1993-04-01T00:00:00.000+10:00,3.389,10,603
1993-05-01T00:00:00.000+10:00,3.872,10,603
1993-06-01T00:00:00.000+10:00,2.906,10,603
1993-07-01T00:00:00.000+10:00,3.398,10,603
1993-08-01T00:00:00.000+10:00,12.295,10,603
1993-09-01T00:00:00.000+10:00,26.090,10,603
1993-10-01T00:00:00.000+10:00,37.275,10,603
1993-11-01T00:00:00.000+10:00,38.417,10,603
1993-12-01T00:00:00.000+10:00,27.734,10,603
1994-01-01T00:00:00.000+10:00,8.215,10,603
1994-02-01T00:00:00.000+10:00,3.238,10,603
1994-03-01T00:00:00.000+10:00,3.741,10,603
1994-04-01T00:00:00.000+10:00,2.950,10,603
1994-05-01T00:00:00.000+10:00,2.545,10,603
1994-06-01T00:00:00.000+10:00,2.584,10,603
1994-07-01T00:00:00.000+10:00,1.898,10,603
1994-08-01T00:00:00.000+10:00,2.426,10,603
1994-09-01T00:00:00.000+10:00,2.356,10,603
1994-10-01T00:00:00.000+10:00,2.142,10,603
1994-11-01T00:00:00.000+10:00,3.010,10,603
1994-12-01T00:00:00.000+10:00,1.897,10,603
1995-01-01T00:00:00.000+10:00,2.241,10,603
1995-02-01T00:00:00.000+10:00,3.501,10,603
1995-03-01T00:00:00.000+10:00,2.253,10,603
1995-04-01T00:00:00.000+10:00,1.414,10,603
1995-05-01T00:00:00.000+10:00,3.003,10,603
1995-06-01T00:00:00.000+10:00,3.526,10,603
1995-07-01T00:00:00.000+10:00,1.591,10,603
1995-08-01T00:00:00.000+10:00,7.564,10,603
1995-09-01T00:00:00.000+10:00,1.762,10,603
1995-10-01T00:00:00.000+10:00,6.447,10,603
1995-11-01T00:00:00.000+10:00,3.296,10,603
1995-12-01T00:00:00.000+10:00,1.924,10,603
1996-01-01T00:00:00.000+10:00,3.690,10,603
1996-02-01T00:00:00.000+10:00,2.785,90,603
1996-03-01T00:00:00.000+10:00,2.971,90,603
1996-04-01T00:00:00.000+10:00,1.965,90,603
1996-05-01T00:00:00.000+10:00,2.225,90,603
1996-06-01T00:00:00.000+10:00,1.865,90,603
1996-07-01T00:00:00.000+10:00,2.670,90,603
1996-08-01T00:00:00.000+10:00,8.034,90,603
1996-09-01T00:00:00.000+10:00,5.618,90,603
1996-10-01T00:00:00.000+10:00,10.316,90,603
1996-11-01T00:00:00.000+10:00,29.410,90,603
1996-12-01T00:00:00.000+10:00,8.619,90,603
1997-01-01T00:00:00.000+10:00,3.239,90,603
1997-02-01T00:00:00.000+10:00,3.769,90,603
1997-03-01T00:00:00.000+10:00,2.562,90,603
1997-04-01T00:00:00.000+10:00,1.741,90,603
1997-05-01T00:00:00.000+10:00,2.472,90,603
1997-06-01T00:00:00.000+10:00,2.137,90,603
1997-07-01T00:00:00.000+10:00,3.105,90,603
1997-08-01T00:00:00.000+10:00,1.615,90,603
1997-09-01T00:00:00.000+10:00,2.903,90,603
1997-10-01T00:00:00.000+10:00,2.272,90,603
1997-11-01T00:00:00.000+10:00,2.865,90,603
1997-12-01T00:00:00.000+10:00,2.617,90,603
1998-01-01T00:00:00.000+10:00,3.291,90,603
1998-02-01T00:00:00.000+10:00,2.551,90,603
1998-03-01T00:00:00.000+10:00,1.729,90,603
1998-04-01T00:00:00.000+10:00,1.863,90,603
1998-05-01T00:00:00.000+10:00,1.330,90,603
1998-06-01T00:00:00.000+10:00,1.608,90,603
1998-07-01T00:00:00.000+10:00,6.763,90,603
1998-08-01T00:00:00.000+10:00,21.951,90,603
1998-09-01T00:00:00.000+10:00,35.239,90,603
1998-10-01T00:00:00.000+10:00,42.139,90,603
1998-11-01T00:00:00.000+10:00,36.244,90,603
1998-12-01T00:00:00.000+10:00,15.320,90,603
1999-01-01T00:00:00.000+10:00,2.974,90,603
1999-02-01T00:00:00.000+10:00,3.019,90,603
1999-03-01T00:00:00.000+10:00,2.280,90,603
1999-04-01T00:00:00.000+10:00,1.707,90,603
1999-05-01T00:00:00.000+10:00,1.241,90,603
1999-06-01T00:00:00.000+10:00,1.236,90,603
1999-07-01T00:00:00.000+10:00,0.676,90,603
1999-08-01T00:00:00.000+10:00,1.271,90,603
1999-09-01T00:00:00.000+10:00,3.937,90,603
1999-10-01T00:00:00.000+10:00,3.537,90,603
1999-11-01T00:00:00.000+10:00,6.164,90,603
1999-12-01T00:00:00.000+10:00,,-1,603
2000-01-01T00:00:00.000+10:00,,-1,603
2000-02-01T00:00:00.000+10:00,,-1,603
2000-03-01T00:00:00.000+10:00,3.225,90,603
2000-04-01T00:00:00.000+10:00,1.727,90,603
2000-05-01T00:00:00.000+10:00,1.780,90,603
2000-06-01T00:00:00.000+10:00,0.842,90,603
2000-07-01T00:00:00.000+10:00,4.440,90,603
2000-08-01T00:00:00.000+10:00,6.383,90,603
2000-09-01T00:00:00.000+10:00,24.710,90,603
2000-10-01T00:00:00.000+10:00,21.954,90,603
2000-11-01T00:00:00.000+10:00,6.327,90,603
2000-12-01T00:00:00.000+10:00,13.029,90,603
2001-01-01T00:00:00.000+10:00,2.503,90,603
2001-02-01T00:00:00.000+10:00,5.473,90,603
2001-03-01T00:00:00.000+10:00,2.049,90,603
2001-04-01T00:00:00.000+10:00,1.304,90,603
2001-05-01T00:00:00.000+10:00,2.143,90,603
2001-06-01T00:00:00.000+10:00,1.767,90,603
2001-07-01T00:00:00.000+10:00,1.508,90,603
2001-08-01T00:00:00.000+10:00,1.106,90,603
2001-09-01T00:00:00.000+10:00,6.983,90,603
2001-10-01T00:00:00.000+10:00,11.181,90,603
2001-11-01T00:00:00.000+10:00,5.537,90,603
2001-12-01T00:00:00.000+10:00,2.252,90,603
2002-01-01T00:00:00.000+10:00,2.444,90,603
2002-02-01T00:00:00.000+10:00,2.989,90,603
2002-03-01T00:00:00.000+10:00,1.222,90,603
2002-04-01T00:00:00.000+10:00,1.877,90,603
2002-05-01T00:00:00.000+10:00,1.888,90,603
2002-06-01T00:00:00.000+10:00,1.573,90,603
2002-07-01T00:00:00.000+10:00,1.714,90,603
2002-08-01T00:00:00.000+10:00,1.058,90,603
2002-09-01T00:00:00.000+10:00,1.224,90,603
2002-10-01T00:00:00.000+10:00,0.793,90,603
2002-11-01T00:00:00.000+10:00,1.044,90,603
2002-12-01T00:00:00.000+10:00,1.124,90,603
2003-01-01T00:00:00.000+10:00,1.141,90,603
2003-02-01T00:00:00.000+10:00,1.083,90,603
2003-03-01T00:00:00.000+10:00,1.214,90,603
2003-04-01T00:00:00.000+10:00,0.882,90,603
2003-05-01T00:00:00.000+10:00,0.866,90,603
2003-06-01T00:00:00.000+10:00,0.364,90,603
2003-07-01T00:00:00.000+10:00,0.386,90,603
2003-08-01T00:00:00.000+10:00,0.277,90,603
2003-09-01T00:00:00.000+10:00,0.465,90,603
2003-10-01T00:00:00.000+10:00,0.231,90,603
2003-11-01T00:00:00.000+10:00,0.688,90,603
2003-12-01T00:00:00.000+10:00,1.261,90,603
2004-01-01T00:00:00.000+10:00,0.759,90,603
2004-02-01T00:00:00.000+10:00,0.378,90,603
2004-03-01T00:00:00.000+10:00,0.504,90,603
2004-04-01T00:00:00.000+10:00,0.478,90,603
2004-05-01T00:00:00.000+10:00,0.489,90,603
2004-06-01T00:00:00.000+10:00,0.608,90,603
2004-07-01T00:00:00.000+10:00,0.314,90,603
2004-08-01T00:00:00.000+10:00,0.365,90,603
2004-09-01T00:00:00.000+10:00,0.224,90,603
2004-10-01T00:00:00.000+10:00,0.246,90,603
2004-11-01T00:00:00.000+10:00,0.662,90,603
2004-12-01T00:00:00.000+10:00,0.700,90,603
2005-01-01T00:00:00.000+10:00,0.903,90,603
2005-02-01T00:00:00.000+10:00,1.191,90,603
2005-03-01T00:00:00.000+10:00,0.497,90,603
2005-04-01T00:00:00.000+10:00,0.352,90,603
2005-05-01T00:00:00.000+10:00,0.315,90,603
2005-06-01T00:00:00.000+10:00,0.430,90,603
2005-07-01T00:00:00.000+10:00,0.380,90,603
2005-08-01T00:00:00.000+10:00,0.441,90,603
2005-09-01T00:00:00.000+10:00,0.331,90,603
2005-10-01T00:00:00.000+10:00,2.421,90,603
2005-11-01T00:00:00.000+10:00,1.202,90,603
2005-12-01T00:00:00.000+10:00,2.007,90,603
2006-01-01T00:00:00.000+10:00,0.668,90,603
2006-02-01T00:00:00.000+10:00,1.534,90,603
2006-03-01T00:00:00.000+10:00,1.269,90,603
2006-04-01T00:00:00.000+10:00,0.586,90,603
2006-05-01T00:00:00.000+10:00,0.668,90,603
2006-06-01T00:00:00.000+10:00,0.704,90,603
2006-07-01T00:00:00.000+10:00,0.628,90,603
2006-08-01T00:00:00.000+10:00,,-1,603
2006-09-01T00:00:00.000+10:00,0.239,90,603
2006-10-01T00:00:00.000+10:00,0.314,90,603
2006-11-01T00:00:00.000+10:00,1.030,90,603
2006-12-01T00:00:00.000+10:00,0.884,90,603
2007-01-01T00:00:00.000+10:00,0.827,90,603
2007-02-01T00:00:00.000+10:00,0.615,90,603
2007-03-01T00:00:00.000+10:00,0.607,90,603
2007-04-01T00:00:00.000+10:00,0.466,90,603
2007-05-01T00:00:00.000+10:00,0.476,90,603
2007-06-01T00:00:00.000+10:00,0.249,90,603
2007-07-01T00:00:00.000+10:00,0.253,90,603
2007-08-01T00:00:00.000+10:00,0.440,90,603
2007-09-01T00:00:00.000+10:00,0.210,90,603
2007-10-01T00:00:00.000+10:00,0.243,90,603
2007-11-01T00:00:00.000+10:00,0.745,90,603
2007-12-01T00:00:00.000+10:00,1.029,110,603
2008-01-01T00:00:00.000+10:00,2.530,110,603
2008-02-01T00:00:00.000+10:00,1.006,90,603
2008-03-01T00:00:00.000+10:00,0.407,90,603
2008-04-01T00:00:00.000+10:00,0.319,90,603
2008-05-01T00:00:00.000+10:00,0.377,90,603
2008-06-01T00:00:00.000+10:00,0.284,90,603
2008-07-01T00:00:00.000+10:00,0.342,90,603
2008-08-01T00:00:00.000+10:00,0.290,90,603
2008-09-01T00:00:00.000+10:00,0.221,90,603
2008-10-01T00:00:00.000+10:00,0.288,90,603
2008-11-01T00:00:00.000+10:00,0.520,90,603
2008-12-01T00:00:00.000+10:00,1.087,90,603
2009-01-01T00:00:00.000+10:00,0.905,90,603
2009-02-01T00:00:00.000+10:00,0.817,90,603
2009-03-01T00:00:00.000+10:00,0.601,90,603
2009-04-01T00:00:00.000+10:00,0.304,90,603
2009-05-01T00:00:00.000+10:00,0.342,90,603
2009-06-01T00:00:00.000+10:00,0.334,90,603
2009-07-01T00:00:00.000+10:00,0.210,90,603
2009-08-01T00:00:00.000+10:00,0.121,90,603
2009-09-01T00:00:00.000+10:00,0.069,90,603
2009-10-01T00:00:00.000+10:00,0.097,90,603
2009-11-01T00:00:00.000+10:00,0.356,90,603
2009-12-01T00:00:00.000+10:00,0.220,90,603
2010-01-01T00:00:00.000+10:00,0.000,110,603
2010-02-01T00:00:00.000+10:00,0.000,110,603
2010-03-01T00:00:00.000+10:00,4.929,110,603
2010-04-01T00:00:00.000+10:00,1.132,90,603
2010-05-01T00:00:00.000+10:00,0.448,90,603
2010-06-01T00:00:00.000+10:00,0.398,90,603
2010-07-01T00:00:00.000+10:00,0.340,90,603
2010-08-01T00:00:00.000+10:00,0.600,90,603
2010-09-01T00:00:00.000+10:00,8.045,90,603
2010-10-01T00:00:00.000+10:00,13.354,90,603
2010-11-01T00:00:00.000+10:00,3.395,90,603
2010-12-01T00:00:00.000+10:00,4.313,90,603
2011-01-01T00:00:00.000+10:00,24.108,90,603
2011-02-01T00:00:00.000+10:00,10.911,90,603
2011-03-01T00:00:00.000+10:00,2.404,90,603
2011-04-01T00:00:00.000+10:00,2.295,90,603
2011-05-01T00:00:00.000+10:00,1.646,90,603
2011-06-01T00:00:00.000+10:00,1.389,90,603
2011-07-01T00:00:00.000+10:00,0.990,90,603
2011-08-01T00:00:00.000+10:00,0.957,90,603
2011-09-01T00:00:00.000+10:00,0.902,90,603
2011-10-01T00:00:00.000+10:00,1.211,90,603
2011-11-01T00:00:00.000+10:00,1.685,90,603
2011-12-01T00:00:00.000+10:00,1.840,90,603
2012-01-01T00:00:00.000+10:00,2.132,90,603
2012-02-01T00:00:00.000+10:00,1.858,140,603
2012-03-01T00:00:00.000+10:00,17.151,90,603
2012-04-01T00:00:00.000+10:00,31.726,90,603
2012-05-01T00:00:00.000+10:00,34.951,90,603
2012-06-01T00:00:00.000+10:00,25.815,90,603
2012-07-01T00:00:00.000+10:00,25.140,90,603
2012-08-01T00:00:00.000+10:00,28.031,90,603
2012-09-01T00:00:00.000+10:00,12.723,90,603
2012-10-01T00:00:00.000+10:00,6.029,90,603
2012-11-01T00:00:00.000+10:00,3.005,90,603
2012-12-01T00:00:00.000+10:00,2.530,90,603
2013-01-01T00:00:00.000+10:00,2.282,90,603
2013-02-01T00:00:00.000+10:00,2.142,90,603
2013-03-01T00:00:00.000+10:00,1.710,90,603
2013-04-01T00:00:00.000+10:00,1.507,90,603
2013-05-01T00:00:00.000+10:00,1.063,90,603
2013-06-01T00:00:00.000+10:00,6.781,140,603
2013-07-01T00:00:00.000+10:00,16.502,140,603
2013-08-01T00:00:00.000+10:00,1.129,140,603
2013-09-01T00:00:00.000+10:00,1.459,140,603
2013-10-01T00:00:00.000+10:00,0.969,140,603
2013-11-01T00:00:00.000+10:00,1.180,140,603
2013-12-01T00:00:00.000+10:00,1.065,140,603
2014-01-01T00:00:00.000+10:00,1.232,140,603
2014-02-01T00:00:00.000+10:00,1.584,140,603
2014-03-01T00:00:00.000+10:00,1.272,140,603
2014-04-01T00:00:00.000+10:00,0.562,140,603
2014-05-01T00:00:00.000+10:00,0.475,140,603
2014-06-01T00:00:00.000+10:00,0.715,140,603
2014-07-01T00:00:00.000+10:00,0.600,140,603
2014-08-01T00:00:00.000+10:00,0.367,140,603
2014-09-01T00:00:00.000+10:00,2.361,140,603
2014-10-01T00:00:00.000+10:00,0.855,140,603
2014-11-01T00:00:00.000+10:00,1.205,140,603
2014-12-01T00:00:00.000+10:00,0.877,140,603
2015-01-01T00:00:00.000+10:00,2.303,140,603
2015-02-01T00:00:00.000+10:00,1.245,140,603
2015-03-01T00:00:00.000+10:00,0.891,140,603
2015-04-01T00:00:00.000+10:00,0.862,140,603
2015-05-01T00:00:00.000+10:00,0.370,140,603
2015-06-01T00:00:00.000+10:00,0.435,140,603
2015-07-01T00:00:00.000+10:00,0.437,140,603
2015-08-01T00:00:00.000+10:00,4.213,140,603
2015-09-01T00:00:00.000+10:00,10.128,140,603
2015-10-01T00:00:00.000+10:00,5.483,140,603
2015-11-01T00:00:00.000+10:00,1.176,140,603
2015-12-01T00:00:00.000+10:00,4.260,140,603
2016-01-01T00:00:00.000+10:00,0.964,140,603
2016-02-01T00:00:00.000+10:00,1.201,140,603
2016-03-01T00:00:00.000+10:00,1.490,140,603
2016-04-01T00:00:00.000+10:00,0.528,140,603
2016-05-01T00:00:00.000+10:00,0.474,140,603
2016-06-01T00:00:00.000+10:00,0.497,140,603
2016-07-01T00:00:00.000+10:00,4.122,140,603
2016-08-01T00:00:00.000+10:00,26.051,140,603
2016-09-01T00:00:00.000+10:00,37.117,140,603
2016-10-01T00:00:00.000+10:00,38.115,140,603
2016-11-01T00:00:00.000+10:00,40.372,140,603
2016-12-01T00:00:00.000+10:00,35.548,140,603
2017-01-01T00:00:00.000+10:00,6.730,140,603
2017-02-01T00:00:00.000+10:00,0.977,140,603
2017-03-01T00:00:00.000+10:00,0.851,140,603
2017-04-01T00:00:00.000+10:00,0.992,140,603
2017-05-01T00:00:00.000+10:00,0.701,140,603
2017-06-01T00:00:00.000+10:00,0.519,140,603
2017-07-01T00:00:00.000+10:00,0.357,140,603
2017-08-01T00:00:00.000+10:00,0.704,140,603
2017-09-01T00:00:00.000+10:00,0.757,140,603
2017-10-01T00:00:00.000+10:00,1.587,140,603
2017-11-01T00:00:00.000+10:00,4.606,140,603
2017-12-01T00:00:00.000+10:00,6.081,140,603
2018-01-01T00:00:00.000+10:00,1.547,140,603
2018-02-01T00:00:00.000+10:00,0.950,140,603
2018-03-01T00:00:00.000+10:00,0.821,140,603
2018-04-01T00:00:00.000+10:00,0.773,140,603
2018-05-01T00:00:00.000+10:00,1.416,140,603
2018-06-01T00:00:00.000+10:00,0.547,140,603
2018-07-01T00:00:00.000+10:00,0.381,140,603
2018-08-01T00:00:00.000+10:00,0.412,140,603
2018-09-01T00:00:00.000+10:00,1.539,140,603
2018-10-01T00:00:00.000+10:00,2.021,140,603
2018-11-01T00:00:00.000+10:00,1.648,140,603
2018-12-01T00:00:00.000+10:00,0.929,140,603
2019-01-01T00:00:00.000+10:00,2.075,140,603
2019-02-01T00:00:00.000+10:00,1.787,140,603
2019-03-01T00:00:00.000+10:00,1.196,140,603
2019-04-01T00:00:00.000+10:00,1.069,140,603
2019-05-01T00:00:00.000+10:00,1.443,140,603
2019-06-01T00:00:00.000+10:00,2.336,140,603
2019-07-01T00:00:00.000+10:00,0.267,140,603
2019-08-01T00:00:00.000+10:00,0.289,140,603
2019-09-01T00:00:00.000+10:00,0.364,140,603
2019-10-01T00:00:00.000+10:00,2.838,140,603
2019-11-01T00:00:00.000+10:00,1.714,140,603
2019-12-01T00:00:00.000+10:00,0.628,140,603
2020-01-01T00:00:00.000+10:00,0.480,140,603
2020-02-01T00:00:00.000+10:00,0.737,140,603
2020-03-01T00:00:00.000+10:00,0.533,140,603
2020-04-01T00:00:00.000+10:00,0.586,140,603
2020-05-01T00:00:00.000+10:00,0.899,140,603
2020-06-01T00:00:00.000+10:00,0.424,140,603
2020-07-01T00:00:00.000+10:00,0.232,140,603
2020-08-01T00:00:00.000+10:00,0.872,140,603
2020-09-01T00:00:00.000+10:00,20.136,140,603
2020-10-01T00:00:00.000+10:00,13.143,140,603
2020-11-01T00:00:00.000+10:00,4.955,140,603
2020-12-01T00:00:00.000+10:00,11.484,140,603
2021-01-01T00:00:00.000+10:00,1.492,140,603
2021-02-01T00:00:00.000+10:00,1.669,140,603
2021-03-01T00:00:00.000+10:00,1.128,140,603
2021-04-01T00:00:00.000+10:00,0.717,140,603
2021-05-01T00:00:00.000+10:00,3.459,140,603
2021-06-01T00:00:00.000+10:00,0.768,140,603
2021-07-01T00:00:00.000+10:00,0.802,140,603
2021-08-01T00:00:00.000+10:00,15.270,140,603
2021-09-01T00:00:00.000+10:00,30.126,140,603
2021-10-01T00:00:00.000+10:00,32.171,140,603
2021-11-01T00:00:00.000+10:00,30.044,140,603
2021-12-01T00:00:00.000+10:00,28.905,140,603
2022-01-01T00:00:00.000+10:00,31.038,140,603
2022-02-01T00:00:00.000+10:00,32.599,140,603
2022-03-01T00:00:00.000+10:00,25.842,140,603
2022-04-01T00:00:00.000+10:00,20.875,140,603
2022-05-01T00:00:00.000+10:00,25.285,140,603
2022-06-01T00:00:00.000+10:00,30.518,140,603
2022-07-01T00:00:00.000+10:00,34.895,140,603
2022-08-01T00:00:00.000+10:00,40.618,140,603
2022-09-01T00:00:00.000+10:00,43.714,140,603
2022-10-01T00:00:00.000+10:00,53.200,140,603
2022-11-01T00:00:00.000+10:00,60.162,140,603
2022-12-01T00:00:00.000+10:00,56.926,140,603
2023-01-01T00:00:00.000+10:00,51.170,140,603
2023-02-01T00:00:00.000+10:00,27.273,140,603
2023-03-01T00:00:00.000+10:00,5.826,140,603
2023-04-01T00:00:00.000+10:00,7.624,140,603
2023-05-01T00:00:00.000+10:00,8.146,140,603
2023-06-01T00:00:00.000+10:00,20.068,140,603
2023-07-01T00:00:00.000+10:00,15.924,140,603
2023-08-01T00:00:00.000+10:00,21.744,140,603
2023-09-01T00:00:00.000+10:00,10.837,140,603
2023-10-01T00:00:00.000+10:00,6.624,140,603
2023-11-01T00:00:00.000+10:00,1.664,140,603
2023-12-01T00:00:00.000+10:00,2.258,140,603
2024-01-01T00:00:00.000+10:00,3.839,140,603
2024-02-01T00:00:00.000+10:00,3.346,140,603
2024-03-01T00:00:00.000+10:00,3.696,140,603
2024-04-01T00:00:00.000+10:00,7.057,140,603
2024-05-01T00:00:00.000+10:00,2.339,140,603
2024-06-01T00:00:00.000+10:00,5.409,140,603
2024-07-01T00:00:00.000+10:00,27.221,140,603
2024-08-01T00:00:00.000+10:00,37.176,140,603
2024-09-01T00:00:00.000+10:00,27.554,140,603
2024-10-01T00:00:00.000+10:00,5.115,140,603
2024-11-01T00:00:00.000+10:00,5.201,140,603
2024-12-01T00:00:00.000+10:00,7.924,140,603
2025-01-01T00:00:00.000+10:00,4.348,140,603
2025-02-01T00:00:00.000+10:00,2.684,140,603
2025-03-01T00:00:00.000+10:00,1.418,140,603
2025-04-01T00:00:00.000+10:00,1.174,140,603
2025-05-01T00:00:00.000+10:00,0.891,140,603
2025-06-01T00:00:00.000+10:00,0.978,140,603
2025-07-01T00:00:00.000+10:00,1.303,140,603
2025-08-01T00:00:00.000+10:00,0.707,140,603
2025-09-01T00:00:00.000+10:00,6.700,140,603
2025-10-01T00:00:00.000+10:00,5.851,140,603
2025-11-01T00:00:00.000+10:00,3.455,140,603
2025-12-01T00:00:00.000+10:00,,-1,603