wetlands,water_year,flow_3m,wetland_flow_3m_scaled,wetland_flow_3m_scaled_lagged,flow,wetland_flow_annual_scaled,wetland_flow_annual_scaled_lagged
banrock station wetland complex,2009,123377.73120000001,-1.0250819634615793,NA,919817.3376000001,-0.8919004691309138,NA
banrock station wetland complex,2010,796257.0432000001,-0.5220631271675332,-1.0250819634615793,3022388.3808000004,-0.5450157769533414,-0.8919004691309138
banrock station wetland complex,2011,2816338.7232000004,0.9880726695063904,-0.5220631271675332,16624014.9984,1.6989968939239346,-0.5450157769533414
banrock station wetland complex,2012,3561410.4192000004,1.545059770749817,0.9880726695063904,11330105.990400001,0.82560143715911,1.6989968939239346
banrock station wetland complex,2013,1069132.608,-0.31807179230126453,1.545059770749817,3801931.5168000003,-0.4164058155230024,0.82560143715911
banrock station wetland complex,2014,768707.5392,-0.5426580826007272,-0.31807179230126453,2677721.328,-0.6018793606600378,-0.4164058155230024
banrock station wetland complex,2015,672187.248,-0.6148129604403753,-0.5426580826007272,2583967.3056,-0.6173470117084118,-0.6018793606600378
banrock station wetland complex,2016,2230252.8768,0.5499373082805141,-0.6148129604403753,4977973.152000001,-0.22238105620096688,-0.6173470117084118
banrock station wetland complex,2017,614532.0096,-0.6579138113790408,0.5499373082805141,NA,NA,-0.22238105620096688
banrock station wetland complex,2018,535800.096,-0.7167707785230617,-0.6579138113790408,2442379.0464000003,-0.6407064125083962,NA
banrock station wetland complex,2019,502289.76960000006,-0.7418218167834885,-0.7167707785230617,2394448.9056,-0.6486139846169379,-0.6407064125083962
banrock station wetland complex,2020,844873.3728,-0.4857194187132009,-0.7418218167834885,2428534.5696,-0.6429904908935996,-0.6486139846169379
banrock station wetland complex,2021,1482588.6624,-0.008987860555989208,-0.4857194187132009,4165644.8448,-0.35639995449290773,-0.6429904908935996
banrock station wetland complex,2022,4436451.993600001,2.1992073817906483,-0.008987860555989208,13351345.948800001,1.1590680294315405,-0.35639995449290773
banrock station wetland complex,2023,3730198.3488000003,1.6712391708498355,2.1992073817906483,20497014.576,2.337969008861337,1.1590680294315405
banrock station wetland complex,2024,552726.9792000001,-0.7041168880890677,1.6712391708498355,3671072.8416000004,-0.43799503668740664,2.337969008861337
banrock station wetland complex,2025,671271.1488000001,-0.6154978011618774,-0.7041168880890677,NA,NA,NA
barmah-millewa,2009,412828.5312,-1.1852326420403654,NA,2238037.1712,-1.1421841517619609,NA
barmah-millewa,2010,1651935.168,0.10394053446328168,-1.1852326420403654,3832163.1360000004,-0.42603515287711324,-1.1421841517619609
barmah-millewa,2011,1977583.5072,0.4427468094048648,0.10394053446328168,8189028.2016,1.531253432781965,-0.42603515287711324
barmah-millewa,2012,2584508.3424,1.0741946561490074,0.4427468094048648,5671040.256,0.40006644614268044,1.531253432781965
barmah-millewa,2013,1980019.6416000002,0.4452813766725768,1.0741946561490074,4337792.524800001,-0.19888498495339615,0.40006644614268044
barmah-millewa,2014,1080377.2224,-0.49071141106090416,0.4452813766725768,3485750.1984,-0.5816585376917028,-0.19888498495339615
barmah-millewa,2015,1031237.8272,-0.5418363008161973,-0.49071141106090416,3683546.6688,-0.492799973570838,-0.5816585376917028
barmah-millewa,2016,3188282.4288000003,1.7023644469791326,-0.5418363008161973,7807212.172800001,1.3597254777639225,-0.492799973570838
barmah-millewa,2017,878555.6352,-0.7006876705130817,1.7023644469791326,3371555.1456000004,-0.6329597990387523,1.3597254777639225
barmah-millewa,2018,837669.2544000001,-0.7432260799172928,-0.7006876705130817,3590328.4992000004,-0.5346775292414736,-0.6329597990387523
barmah-millewa,2019,1077728.4576,-0.493467200134753,-0.7432260799172928,3673549.1520000002,-0.4972912821661112,-0.5346775292414736
barmah-millewa,2020,620864.2656,-0.9687911505838029,-0.493467200134753,3007059.3792000003,-0.7967067575407893,-0.4972912821661112
barmah-millewa,2021,1910063.8944,0.37249904288941366,-0.9687911505838029,4773238.848,-0.0032640269402747766,-0.7967067575407893
barmah-millewa,2022,3633242.6016,2.1653033921433615,0.37249904288941366,8900479.9296,1.8508677255119736,-0.0032640269402747766
barmah-millewa,2023,2305673.7696000002,0.784093674312661,2.1653033921433615,8773553.8368,1.7938471410047199,1.8508677255119736
barmah-millewa,2024,642815.0496,-0.9459534374317646,0.784093674312661,2955126.7584,-0.820037093547237,1.7938471410047199
barmah-millewa,2025,571146.2496000001,-1.0205180405161378,-0.9459534374317646,2979114.1632000003,-0.8092609338756134,-0.820037093547237
booligal wetlands,2009,24.7968,-0.8407328137425061,NA,452.99520000000007,-0.813355264341085,NA
booligal wetlands,2010,1900.7136,-0.30345660336739716,-0.8407328137425061,2839.1904,-0.5617890977829662,-0.813355264341085
booligal wetlands,2011,265.248,-0.7718658418617983,-0.30345660336739716,4562.8704,-0.38006902309129875,-0.5617890977829662
booligal wetlands,2012,4042.0512000000003,0.3098380538699234,-0.7718658418617983,16450.6464,0.8732074218624121,-0.38006902309129875
booligal wetlands,2013,307.32480000000004,-0.7598147404223787,0.3098380538699234,3391.5456,-0.5035566949005686,0.8732074218624121
booligal wetlands,2014,309.57120000000003,-0.7591713551299252,-0.7598147404223787,1062.1152000000002,-0.749138395841022,-0.5035566949005686
booligal wetlands,2015,1712.7936,-0.35727825763995896,-0.7591713551299252,2455.4880000000003,-0.6022411705501689,-0.749138395841022
booligal wetlands,2016,8750.851200000001,1.6584726092053805,-0.35727825763995896,13408.502400000001,0.5524874303890479,-0.6022411705501689
booligal wetlands,2017,263.34720000000004,-0.7724102448015667,1.6584726092053805,4694.0256,-0.3662419016185192,0.5524874303890479
booligal wetlands,2018,343.18080000000003,-0.7495453213312921,-0.7724102448015667,1566.9504000000002,-0.6959158195791968,-0.3662419016185192
booligal wetlands,2019,301.6224,-0.761447949241684,-0.7495453213312921,1408.9248,-0.7125757702865182,-0.6959158195791968
booligal wetlands,2020,2950.6464000000005,-0.0027482159098470437,-0.761447949241684,3769.2000000000003,-0.4637422364305297,-0.7125757702865182
booligal wetlands,2021,6701.7888,1.0716062401350006,-0.0027482159098470437,11156.832,0.31510362755498544,-0.4637422364305297
booligal wetlands,2022,11882.7648,2.555475434826573,1.0716062401350006,36949.0464,3.0342644504638203,0.31510362755498544
booligal wetlands,2023,3387.3120000000004,0.12231598670786666,2.555475434826573,20202.566400000003,1.2687560054957785,3.0342644504638203
booligal wetlands,2024,6034.608,0.8805208082762775,0.12231598670786666,11250.2304,0.3249502140583284,1.2687560054957785
booligal wetlands,2025,1145.4912000000002,-0.5197577895726674,0.8805208082762775,3234.2112,-0.5201437754024998,0.3249502140583284
coorong and murray mouth,2009,92808.4608,-1.047204273111581,NA,493502.6304,-0.9662415081837139,NA
coorong and murray mouth,2010,710307.9648000001,-0.5478386651329001,-1.047204273111581,2428870.2336,-0.5330149061074381,-0.9662415081837139
coorong and murray mouth,2011,2891368.8288000003,1.2159632121717119,-0.5478386651329001,16048444.377600001,2.515688512496434,-0.5330149061074381
coorong and murray mouth,2012,3219360.8544,1.4812070483447413,1.2159632121717119,10745351.6544,1.3286061012952255,2.515688512496434
coorong and murray mouth,2013,987186.7008000001,-0.3239296296707297,1.4812070483447413,3438456.1344000003,-0.30702193785452186,1.3286061012952255
coorong and murray mouth,2014,772679.8656,-0.49739913933244223,-0.3239296296707297,2278500.7104,-0.5666747015303099,-0.30702193785452186
coorong and murray mouth,2015,624646.5984,-0.6171121463835354,-0.49739913933244223,2206563.2928,-0.5827776904082164,-0.5666747015303099
coorong and murray mouth,2016,2041000.2432000001,0.5282787314500644,-0.6171121463835354,4227640.3008,-0.1303652788009297,-0.5827776904082164
coorong and murray mouth,2017,547340.8896,-0.6796284917814984,0.5282787314500644,5742126.5472,0.20864821369232173,-0.1303652788009297
coorong and murray mouth,2018,464006.62080000003,-0.7470200727223809,-0.6796284917814984,1930977.4464,-0.6444668080821825,0.20864821369232173
coorong and murray mouth,2019,462542.5728,-0.7482040335432304,-0.7470200727223809,1959402.9600000002,-0.638103836702048,-0.6444668080821825
coorong and murray mouth,2020,853471.4688,-0.432063786364223,-0.7482040335432304,1975235.7600000002,-0.6345597088919037,-0.638103836702048
coorong and murray mouth,2021,1326058.2144000002,-0.04988766150824223,-0.432063786364223,3578395.3632,-0.27569693453734406,-0.6345597088919037
coorong and murray mouth,2022,3868114.9536,2.005847931579636,-0.04988766150824223,11810191.2192,1.5669674470426318,-0.27569693453734406
coorong and murray mouth,2023,3609272.5632,1.7965247065155538,2.005847931579636,NA,NA,1.5669674470426318
coorong and murray mouth,2024,504669.48480000003,-0.7141364255745212,1.7965247065155538,3286723.0464000003,-0.3409869634280059,NA
coorong and murray mouth,2025,616874.5728000001,-0.6233973049364235,-0.7141364255745212,NA,NA,NA
corop wetlands complex,2009,0,-0.5289904812055829,NA,0,-0.7349810421771448,NA
corop wetlands complex,2010,11316.672,3.08353484391203,-0.5289904812055829,11568.528,0.5005520327945013,-0.7349810421771448
corop wetlands complex,2011,1244.8512,-0.1316071792946456,3.08353484391203,30983.904000000002,2.574138163286704,0.5005520327945013
corop wetlands complex,2012,1270.6848,-0.12336053803483368,-0.1316071792946456,9266.227200000001,0.25466346452257604,2.574138163286704
corop wetlands complex,2013,938.9952000000001,-0.2292429988924189,-0.12336053803483368,941.5872,-0.634418366565352,0.25466346452257604
corop wetlands complex,2014,412.992,-0.3971545440085895,-0.2292429988924189,NA,NA,-0.634418366565352
corop wetlands complex,2015,0,-0.5289904812055829,-0.3971545440085895,0,-0.7349810421771448,NA
corop wetlands complex,2016,7504.7904,1.8667001758797808,-0.5289904812055829,10624.003200000001,0.3996756178754228,-0.7349810421771448
corop wetlands complex,2017,650.2464,-0.32141783197031676,1.8667001758797808,1339.7184000000002,-0.5918974628014374,0.3996756178754228
corop wetlands complex,2018,0.25920000000000004,-0.5289077389855847,-0.32141783197031676,2947.5360000000005,-0.42018055782255564,-0.5918974628014374
corop wetlands complex,2019,0,-0.5289904812055829,-0.5289077389855847,0,-0.7349810421771448,-0.42018055782255564
corop wetlands complex,2020,997.488,-0.21057083791284475,-0.5289904812055829,3377.1168000000002,-0.3743007979453457,-0.7349810421771448
corop wetlands complex,2021,0.0864,-0.5289629004655836,-0.21057083791284475,0.0864,-0.7349718145504599,-0.3743007979453457
corop wetlands complex,2022,3695.0688,0.6505550263475164,-0.5289629004655836,25672.3776,2.006860585207187,-0.7349718145504599
corop wetlands complex,2023,139.01760000000002,-0.4846130705465949,0.6505550263475164,4600.8,-0.24360992120742853,2.006860585207187
corop wetlands complex,2024,0,-0.5289904812055829,-0.4846130705465949,8786.3616,0.2034132259147674,-0.24360992120742853
corop wetlands complex,2025,0,-0.5289904812055829,-0.5289904812055829,0,-0.7349810421771448,0.2034132259147674
currawinya lakes,2009,300.4128,-0.42069312733840986,NA,135078.7968,-0.6002109481130065,NA
currawinya lakes,2010,22480.6752,0.1407748197895886,-0.42069312733840986,2068787.1744000001,2.7553587256438887,-0.6002109481130065
currawinya lakes,2011,0,-0.4282977334095704,0.1407748197895886,454313.4048,-0.04624222054923844,2.7553587256438887
currawinya lakes,2012,594.3456,-0.41325255504790415,-0.4282977334095704,1104295.6800000002,1.0816738791098153,-0.04624222054923844
currawinya lakes,2013,1857.9456000000002,-0.3812659678202013,-0.41325255504790415,13826.5056,-0.8106203955443936,1.0816738791098153
currawinya lakes,2014,14111.9712,-0.07106934013350903,-0.3812659678202013,146412.9216,-0.5805428089571636,-0.8106203955443936
currawinya lakes,2015,1304.4672,-0.395276639805204,-0.07106934013350903,104553.936,-0.6531808262924962,-0.5805428089571636
currawinya lakes,2016,113328.0288,2.4404715595271393,-0.395276639805204,270608.08320000005,-0.36502659011058863,-0.6531808262924962
currawinya lakes,2017,0,-0.4282977334095704,2.4404715595271393,49721.5584,-0.7483316078404919,-0.36502659011058863
currawinya lakes,2018,0,-0.4282977334095704,-0.4282977334095704,22494.24,-0.7955792512696203,-0.7483316078404919
currawinya lakes,2019,0,-0.4282977334095704,-0.4282977334095704,210760.18560000003,-0.4688808178478229,-0.7955792512696203
currawinya lakes,2020,5205.859200000001,-0.2965173682655852,-0.4282977334095704,664578.5184000001,0.31863143197167854,-0.4688808178478229
currawinya lakes,2021,10.8,-0.4280243437751456,-0.2965173682655852,279710.7552,-0.34923069737558066,0.31863143197167854
currawinya lakes,2022,127493.04960000001,2.7990428426874954,-0.4280243437751456,804684.1536000001,0.5617571411249214,-0.34923069737558066
currawinya lakes,2023,73.1808,-0.4264452452467079,2.7990428426874954,59557.16160000001,-0.7312638574995698,0.5617571411249214
currawinya lakes,2024,870.7392000000001,-0.4062559675237044,-0.4264452452467079,345252.7584,-0.23549547191818165,-0.7312638574995698
currawinya lakes,2025,0,-0.4282977334095704,-0.4062559675237044,1441706.7744,1.6671843154678505,-0.23549547191818165
cuttaburra channels,2009,2069.1072000000004,-0.3535481123706184,NA,106392.8736,-0.7334211546891364,NA
cuttaburra channels,2010,54781.6608,0.19793093195755268,-0.3535481123706184,3423697.7184000006,2.3974870523055904,-0.7334211546891364
cuttaburra channels,2011,576.72,-0.3691614759930477,0.19793093195755268,1428794.8992,0.5146761859540054,2.3974870523055904
cuttaburra channels,2012,5912.8704,-0.31333463927187266,-0.3691614759930477,2217902.5152000003,1.2594444923727655,0.5146761859540054
cuttaburra channels,2013,841.5360000000001,-0.3663909694508868,-0.31333463927187266,7723.036800000001,-0.8265468143053166,1.2594444923727655
cuttaburra channels,2014,12067.488000000001,-0.24894499391321293,-0.3663909694508868,100018.9728,-0.7394369112321543,-0.8265468143053166
cuttaburra channels,2015,3798.1440000000002,-0.3354589192477066,-0.24894499391321293,167486.22720000002,-0.6757605865086432,-0.7394369112321543
cuttaburra channels,2016,383701.8816,3.639096207376785,-0.3354589192477066,614568.9888,-0.2537990385087641,-0.6757605865086432
cuttaburra channels,2017,17.1936,-0.3750152444651633,3.639096207376785,34336.224,-0.8014290002613708,-0.2537990385087641
cuttaburra channels,2018,0,-0.37519512400900995,-0.3750152444651633,83653.6032,-0.7548827241400213,-0.8014290002613708
cuttaburra channels,2019,2.5920000000000005,-0.3751680064898371,-0.37519512400900995,417106.5408000001,-0.44016623354830914,-0.7548827241400213
cuttaburra channels,2020,4439.3184,-0.32875094892164586,-0.3751680064898371,1460432.1600000001,0.5445357750239767,-0.44016623354830914
cuttaburra channels,2021,13.824,-0.375050497240088,-0.32875094892164586,258181.86239999998,-0.5901610646463709,0.5445357750239767
cuttaburra channels,2022,132502.8672,1.0110506482731845,-0.375050497240088,773821.2960000001,-0.10349498780419696,-0.5901610646463709
cuttaburra channels,2023,155.952,-0.37356355327210933,1.0110506482731845,138376.85760000002,-0.7032343245113313,-0.10349498780419696
cuttaburra channels,2024,5127.148800000001,-0.32155486325047344,-0.37356355327210933,905238.5472,0.02053803586190931,-0.7032343245113313
cuttaburra channels,2025,3656.5344,-0.3369404397118507,-0.32155486325047344,2881390.1472000005,1.885651298637367,0.02053803586190931
darling anabranch,2009,10707.638400000002,-0.3651481201320691,NA,212608.88640000002,-0.6081490970696961,NA
darling anabranch,2010,NA,NA,-0.3651481201320691,NA,NA,-0.6081490970696961
darling anabranch,2011,51499.584,-0.28201415818299064,NA,4693919.8464,1.6199999969542889,NA
darling anabranch,2012,276701.5296,0.17694727895838538,-0.28201415818299064,4469186.88,1.508260695675923,1.6199999969542889
darling anabranch,2013,20954.3328,-0.3442653627684822,0.17694727895838538,1121865.12,-0.15605852107193027,1.508260695675923
darling anabranch,2014,17071.8624,-0.3521778352371164,-0.3442653627684822,228381.98400000003,-0.6003065676310803,-0.15605852107193027
darling anabranch,2015,8633.952000000001,-0.3693742918367088,-0.3521778352371164,48367.7568,-0.6898112998014868,-0.6003065676310803
darling anabranch,2016,48604.0608,-0.28791523281894704,-0.3693742918367088,80845.9488,-0.6736628435291426,-0.6898112998014868
darling anabranch,2017,34266.7584,-0.3171346469616751,-0.28791523281894704,522462.87360000005,-0.454086840060109,-0.6736628435291426
darling anabranch,2018,18924.5376,-0.34840208423246705,-0.3171346469616751,92895.98400000001,-0.6676714550150465,-0.454086840060109
darling anabranch,2019,36.8928,-0.38689509360025043,-0.34840208423246705,20698.6752,-0.7035686220783404,-0.6676714550150465
darling anabranch,2020,21202.3872,-0.34375982804226163,-0.38689509360025043,99967.65120000001,-0.6641553569344707,-0.7035686220783404
darling anabranch,2021,67993.5168,-0.24839953251076344,-0.34375982804226163,303545.4048,-0.5629346223556595,-0.6641553569344707
darling anabranch,2022,1993969.5264,3.6767384804435466,-0.24839953251076344,5742351.1872000005,2.1412897184222834,-0.5629346223556595
darling anabranch,2023,41094.432,-0.30321985204531965,3.6767384804435466,3986811.7920000004,1.268419357973498,2.1412897184222834
darling anabranch,2024,89269.51680000001,-0.20503905660277943,-0.30321985204531965,425252.4192,-0.5024207735528697,1.268419357973498
darling anabranch,2025,337109.8176,0.30005933556989867,-0.20503905660277943,922582.3104000001,-0.2551437699261616,-0.5024207735528697
fivebough,2009,200319.43680000002,-1.029517920463522,NA,1118212.9056000002,-1.2231987280834447,NA
fivebough,2010,868802.1120000001,-0.08078305836208717,-1.029517920463522,2570150.304,-0.5308835602287874,-1.2231987280834447
fivebough,2011,936990.7200000001,0.015992687678621595,-0.08078305836208717,4907510.8416,0.5836205187408725,-0.5308835602287874
fivebough,2012,1295043.2064,0.524153764864575,0.015992687678621595,5935867.056000001,1.0739630128258548,0.5836205187408725
fivebough,2013,483483.60000000003,-0.6276410681647773,0.524153764864575,2938711.7952,-0.3551454664748336,1.0739630128258548
fivebough,2014,573255.6192000001,-0.5002333620027621,-0.6276410681647773,2614792.0608,-0.5095974046504705,-0.3551454664748336
fivebough,2015,550112.8608,-0.533078404236208,-0.5002333620027621,NA,NA,-0.5095974046504705
fivebough,2016,2211716.7072,1.8251300498720098,-0.533078404236208,5278561.2576,0.7605453856935802,NA
fivebough,2017,643831.632,-0.40006932446589677,1.8251300498720098,3139404.912,-0.2594506458869914,0.7605453856935802
fivebough,2018,480948.9696,-0.6312383075731175,-0.40006932446589677,2260643.5584,-0.6784630734835185,-0.2594506458869914
fivebough,2019,248125.93920000002,-0.9616691980587924,-0.6312383075731175,1399346.3232,-1.0891482315470387,-0.6784630734835185
fivebough,2020,613410.0192,-0.4432447809069723,-0.9616691980587924,1767122.1792000001,-0.9137847456556277,-1.0891482315470387
fivebough,2021,2130669.1872,1.710104469459087,-0.4432447809069723,4984342.2144,0.6202553797308515,-0.9137847456556277
fivebough,2022,2500663.7088,2.2352141162026475,1.710104469459087,9120971.1744,2.5926895741738982,0.6202553797308515
fivebough,2023,1027319.4144000001,0.14419044747807658,2.2352141162026475,5432655.052800001,0.8340206414496548,2.5926895741738982
fivebough,2024,483925.10400000005,-0.6270144696722555,0.14419044747807658,2809364.9472000003,-0.4168208423438423,0.8340206414496548
fivebough,2025,488659.21920000005,-0.6202956416486264,-0.6270144696722555,2658824.4384000003,-0.4886018142601571,-0.4168208423438423
great cumbung swamp,2009,24.7968,-0.8407328137425061,NA,452.99520000000007,-0.813355264341085,NA
great cumbung swamp,2010,1900.7136,-0.30345660336739716,-0.8407328137425061,2839.1904,-0.5617890977829662,-0.813355264341085
great cumbung swamp,2011,265.248,-0.7718658418617983,-0.30345660336739716,4562.8704,-0.38006902309129875,-0.5617890977829662
great cumbung swamp,2012,4042.0512000000003,0.3098380538699234,-0.7718658418617983,16450.6464,0.8732074218624121,-0.38006902309129875
great cumbung swamp,2013,307.32480000000004,-0.7598147404223787,0.3098380538699234,3391.5456,-0.5035566949005686,0.8732074218624121
great cumbung swamp,2014,309.57120000000003,-0.7591713551299252,-0.7598147404223787,1062.1152000000002,-0.749138395841022,-0.5035566949005686
great cumbung swamp,2015,1712.7936,-0.35727825763995896,-0.7591713551299252,2455.4880000000003,-0.6022411705501689,-0.749138395841022
great cumbung swamp,2016,8750.851200000001,1.6584726092053805,-0.35727825763995896,13408.502400000001,0.5524874303890479,-0.6022411705501689
great cumbung swamp,2017,263.34720000000004,-0.7724102448015667,1.6584726092053805,4694.0256,-0.3662419016185192,0.5524874303890479
great cumbung swamp,2018,343.18080000000003,-0.7495453213312921,-0.7724102448015667,1566.9504000000002,-0.6959158195791968,-0.3662419016185192
great cumbung swamp,2019,301.6224,-0.761447949241684,-0.7495453213312921,1408.9248,-0.7125757702865182,-0.6959158195791968
great cumbung swamp,2020,2950.6464000000005,-0.0027482159098470437,-0.761447949241684,3769.2000000000003,-0.4637422364305297,-0.7125757702865182
great cumbung swamp,2021,6701.7888,1.0716062401350006,-0.0027482159098470437,11156.832,0.31510362755498544,-0.4637422364305297
great cumbung swamp,2022,11882.7648,2.555475434826573,1.0716062401350006,36949.0464,3.0342644504638203,0.31510362755498544
great cumbung swamp,2023,3387.3120000000004,0.12231598670786666,2.555475434826573,20202.566400000003,1.2687560054957785,3.0342644504638203
great cumbung swamp,2024,6034.608,0.8805208082762775,0.12231598670786666,11250.2304,0.3249502140583284,1.2687560054957785
great cumbung swamp,2025,1145.4912000000002,-0.5197577895726674,0.8805208082762775,3234.2112,-0.5201437754024998,0.3249502140583284
gunbower-koondrook-perricoota,2009,317342.10240000003,-1.2823724718605327,NA,1666862.7552,-1.1997437612754966,NA
gunbower-koondrook-perricoota,2010,1869433.344,0.8927377868113804,-1.2823724718605327,3580272.1440000003,-0.11791184937267092,-1.1997437612754966
gunbower-koondrook-perricoota,2011,1877676.5088000002,0.9042898089089474,0.8927377868113804,7859079.3024,2.3013039002366833,-0.11791184937267092
gunbower-koondrook-perricoota,2012,2514947.8752,1.797365840435023,0.9042898089089474,5345614.742400001,0.8802038542344454,2.3013039002366833
gunbower-koondrook-perricoota,2013,1165621.1904000002,-0.0935889151518425,1.797365840435023,2854263.5712,-0.5283933944970228,0.8802038542344454
gunbower-koondrook-perricoota,2014,898824.6432,-0.4674792453329091,-0.0935889151518425,2845775.2896000003,-0.5331926256316921,-0.5283933944970228
gunbower-koondrook-perricoota,2015,675860.1120000001,-0.7799431173879768,-0.4674792453329091,2768800.4928,-0.57671378324590294,-0.5331926256316921
gunbower-koondrook-perricoota,2016,1945633.3056,0.9995248839511764,-0.7799431173879768,4800103.8048,0.5717747516899937,-0.57671378324590294
gunbower-koondrook-perricoota,2017,735117.0336000001,-0.6969001012205713,0.9995248839511764,2710016.6112,-0.6099498901619878,0.5717747516899937
gunbower-koondrook-perricoota,2018,555501.024,-0.9486150871900361,-0.6969001012205713,2759640.7104,-0.5818926775088921,-0.6099498901619878
gunbower-koondrook-perricoota,2019,804884.4288000001,-0.599127642390186,-0.9486150871900361,2853986.2272,-0.5285502033804386,-0.5818926775088921
gunbower-koondrook-perricoota,2020,798928.0992,-0.6074748795046973,-0.599127642390186,2833840.944,-0.5399402437803907,-0.5285502033804386
gunbower-koondrook-perricoota,2021,1228385.1744000001,-0.0056310800616920535,-0.6074748795046973,3454681.5360000003,-0.18892013874606436,-0.5399402437803907
gunbower-koondrook-perricoota,2022,2102610.96,1.2195143390270975,-0.0056310800616920535,5609653.7472,1.0294901612065492,-0.18892013874606436
gunbower-koondrook-perricoota,2023,2323961.6256,1.5297165298558355,1.2195143390270975,7293195.072000001,1.9813558418270667,1.0294901612065492
gunbower-koondrook-perricoota,2024,550108.1952000001,-0.9561726308007126,1.5297165298558355,2791631.0016,-0.5638055299837466,1.9813558418270667
gunbower-koondrook-perricoota,2025,586021.1328,-0.9058440180883064,-0.9561726308007126,2382520.6944000004,-0.7951144116104322,-0.5638055299837466
gwydir wetlands,2009,15658.0128,-0.601213884752152,NA,219148.32960000003,-0.6561599904112355,NA
gwydir wetlands,2010,155932.04160000003,0.09406859726153928,-0.601213884752152,341184.096,-0.4770363671913432,-0.6561599904112355
gwydir wetlands,2011,39049.430400000005,-0.48527194577829436,0.09406859726153928,371197.64160000003,-0.4329826017081491,-0.4770363671913432
gwydir wetlands,2012,162520.128,0.1267231171544806,-0.48527194577829436,1721947.3344,1.549642543156697,-0.4329826017081491
gwydir wetlands,2013,39703.6512,-0.48202923388429497,0.1267231171544806,610292.88,-0.0820395408315967,1.549642543156697
gwydir wetlands,2014,22847.0976,-0.5655804552006447,-0.48202923388429497,570548.3616000001,-0.14037639033851032,-0.0820395408315967
gwydir wetlands,2015,53110.3392,-0.4155776220787091,-0.5655804552006447,300783.456,-0.5363362694305158,-0.14037639033851032
gwydir wetlands,2016,319105.18080000003,0.9028528475713267,-0.4155776220787091,482759.13600000006,-0.26923307418640663,-0.5363362694305158
gwydir wetlands,2017,42624.2304,-0.4675530862148729,0.9028528475713267,362086.3296,-0.44635615002002244,-0.26923307418640663
gwydir wetlands,2018,48188.822400000005,-0.439971620349443,-0.4675530862148729,405998.6976,-0.3819017470825795,-0.44635615002002244
gwydir wetlands,2019,1485.1296000000002,-0.6714632209470653,-0.439971620349443,135815.7888,-0.7784751696455712,-0.3819017470825795
gwydir wetlands,2020,14178.240000000002,-0.6085485290480485,-0.6714632209470653,141589.2096,-0.770000965053129,-0.7784751696455712
gwydir wetlands,2021,253891.3248,0.5796137415924766,-0.6085485290480485,945615.5136000001,0.410145716408435,-0.770000965053129
gwydir wetlands,2022,832611.9168,3.4481011803605623,0.5796137415924766,2883504.7008,3.2545719272632567,0.410145716408435
gwydir wetlands,2023,44991.8496,-0.45581774099151484,3.4481011803605623,698091.8688,0.0468314734032822,3.2545719272632567
gwydir wetlands,2024,82216.3392,-0.2713107745759268,-0.45581774099151484,503294.3424,-0.23909157811156154,0.0468314734032822
gwydir wetlands,2025,200097.38880000002,0.3129786298805811,-0.2713107745759268,631302.4224,-0.05120181622105204,-0.23909157811156154
hattah lakes,2009,314651.08800000005,-1.2553469772097752,NA,1671461.9136,-0.9980292236708624,NA
hattah lakes,2010,1351932.5088000002,-0.3040412570810011,-1.2553469772097752,3657536.1216,-0.5416474293898862,-0.9980292236708624
hattah lakes,2011,2856387.5424,1.0757161071610009,-0.3040412570810011,13162026.268800002,1.6423979852439847,-0.5416474293898862
hattah lakes,2012,3614304.24,1.770812418875437,1.0757161071610009,8860728.931200001,0.6539989673408863,1.6423979852439847
hattah lakes,2013,1406561.6736,-0.2539400637905473,1.770812418875437,3707331.3792000003,-0.5302049319652525,0.6539989673408863
hattah lakes,2014,1231755.6384,-0.4142571945751112,-0.2539400637905473,3452453.1072000004,-0.588773641346828,-0.5302049319652525
hattah lakes,2015,1046981.6352,-0.5837160922768412,-0.4142571945751112,3602219.5584000004,-0.5543586726379899,-0.588773641346828
hattah lakes,2016,2536866,0.7826783018997646,-0.5837160922768412,6241563.4752,0.05213856075932515,-0.5543586726379899
hattah lakes,2017,1069879.0176000001,-0.5627165733263365,0.7826783018997646,6504773.472,0.11262182474231625,0.05213856075932515
hattah lakes,2018,710690.1984000001,-0.8921338090536729,-0.5627165733263365,3201735.6864,-0.6463862249558905,0.11262182474231625
hattah lakes,2019,1035875.6064,-0.5939015911332716,-0.8921338090536729,3652388.5824,-0.5428302870931708,-0.6463862249558905
hattah lakes,2020,1068510.8736,-0.5639713178798023,-0.5939015911332716,3549925.4400000004,-0.5663753855531469,-0.5428302870931708
hattah lakes,2021,2004839.6832,0.29474930955307826,-0.5639713178798023,5283455.04,-0.16802604588578293,-0.5663753855531469
hattah lakes,2022,3334456.5408,1.5141600662202486,0.29474930955307826,10073072.0448,0.9325843914102738,-0.16802604588578293
hattah lakes,2023,3605483.4048,1.7627227039593043,1.5141600662202486,18380333.2032,2.841517470426047,0.9325843914102738
hattah lakes,2024,694382.8896,-0.9070894766577277,1.7627227039593043,4119997.824,-0.4353779351900266,2.841517470426047
hattah lakes,2025,735124.7232,-0.8697245546847469,-0.9070894766577277,3128350.7232000004,-0.6632494222339951,-0.4353779351900266
kerang wetlands,2009,0,-1.0680131470125938,NA,3.2832000000000003,-0.7404830124439022,NA
kerang wetlands,2010,50898.844800000006,1.727783720133089,-1.0680131470125938,56123.193600000006,-0.30349289219805453,-0.7404830124439022
kerang wetlands,2011,16831.7568,-0.1434701025700992,1.727783720133089,420355.69920000003,2.5326842378992596,-0.30349289219805453
kerang wetlands,2012,25940.736,0.3568724024577396,-0.1434701025700992,51461.136000000006,-0.33979503695730684,2.5326842378992596
kerang wetlands,2013,10290.7584,-0.5027572908468146,0.3568724024577396,32312.4768,-0.4889003157560905,-0.33979503695730684
kerang wetlands,2014,11803.6224,-0.4196579504150749,-0.5027572908468146,31894.4736,-0.49215519031539046,-0.4889003157560905
kerang wetlands,2015,11745.907200000001,-0.42282815940470375,-0.4196579504150749,23352.7968,-0.5586668498196289,-0.49215519031539046
kerang wetlands,2016,65675.9232,2.5394663753804263,-0.42282815940470375,197686.65600000002,0.7988223826423442,-0.5586668498196289
kerang wetlands,2017,9419.414400000001,-0.5506189041108976,2.5394663753804263,41384.2176,-0.4182611954371963,0.7988223826423442
kerang wetlands,2018,8463.312,-0.6031361686007682,-0.5506189041108976,28202.1696,-0.5209061337407067,-0.4182611954371963
kerang wetlands,2019,11353.305600000002,-0.4443931738491255,-0.6031361686007682,23969.1744,-0.5538672890287968,-0.5209061337407067
kerang wetlands,2020,7335.2736,-0.6650976185537547,-0.4443931738491255,36985.5072,-0.45251272885772476,-0.5538672890287968
kerang wetlands,2021,9159.1776,-0.5649133194952723,-0.6650976185537547,28378.425600000002,-0.5195336773328995,-0.45251272885772476
kerang wetlands,2022,44548.358400000005,1.3789610690152532,-0.5649133194952723,400193.48160000006,2.375686661982835,-0.5195336773328995
kerang wetlands,2023,30666.1248,0.616430890572686,1.3789610690152532,151323.8976,0.4378084889326137,2.375686661982835
kerang wetlands,2024,8266.5792,-0.6139424049321829,0.616430890572686,66581.2224,-0.2220591331226563,0.4378084889326137
kerang wetlands,2025,8143.804800000001,-0.6206862177679053,-0.6139424049321829,26473.305600000003,-0.534368316446699,-0.2220591331226563
lake albacutya,2009,110.0736,-0.6213915025677161,NA,9362.6496,-0.6185953022705573,NA
lake albacutya,2010,116299.15200000002,3.0808111549570563,-0.6213915025677161,120389.67360000001,0.7412779241545434,-0.6185953022705573
lake albacutya,2011,24452.409600000003,0.15424302582837915,3.0808111549570563,288191.52,2.7965364553032948,0.7412779241545434
lake albacutya,2012,15348.8736,-0.13582843042367804,0.15424302582837915,32631.811200000004,-0.3335916272986057,2.7965364553032948
lake albacutya,2013,8442.662400000001,-0.3558852017670623,-0.13582843042367804,15579.734400000001,-0.5424476504526138,-0.3335916272986057
lake albacutya,2014,5795.280000000001,-0.4402403433322811,-0.3558852017670623,13795.056,-0.5643066203367312,-0.5424476504526138
lake albacutya,2015,107.56800000000001,-0.6214713400111871,-0.4402403433322811,5870.620800000001,-0.6613661187793864,-0.5643066203367312
lake albacutya,2016,78788.0736,1.8855730478003332,-0.6214713400111871,130859.53920000001,0.869514180524967,-0.6613661187793864
lake albacutya,2017,10897.0272,-0.2776802963643936,1.8855730478003332,24225.091200000003,-0.4365582118127725,0.869514180524967
lake albacutya,2018,2316.7296,-0.5510794920074966,-0.2776802963643936,8969.616,-0.6234092282002072,-0.4365582118127725
lake albacutya,2019,9125.3952,-0.33413087492889254,-0.5510794920074966,14147.481600000001,-0.559990066398054,-0.6234092282002072
lake albacutya,2020,365.2128,-0.6132618484101465,-0.33413087492889254,5784.3936,-0.6624222405814947,-0.559990066398054
lake albacutya,2021,14524.531200000001,-0.16209494932559873,-0.6132618484101465,21475.152000000002,-0.4702398197461425,-0.6624222405814947
lake albacutya,2022,33051.2832,0.4282341197592833,-0.16209494932559873,180787.16160000002,1.481034101664366,-0.4702398197461425
lake albacutya,2023,10296.1152,-0.2968275177209452,0.4282341197592833,130886.23680000001,0.8698411761530749,1.481034101664366
lake albacutya,2024,3001.6224,-0.5292563397870244,-0.2968275177209452,9227.1744,-0.620254619891505,0.8698411761530749
lake albacutya,2025,476.5824,-0.6097132116986304,-0.5292563397870244,5572.1088,-0.6650223320321761,-0.620254619891505
lake brewster,2009,2885.3280000000004,-1.1253677780254558,NA,17080.0704,-1.3121369248524508,NA
lake brewster,2010,20125.670400000003,0.10243208673523556,-1.1253677780254558,34670.419200000004,-0.773945071285245,-1.3121369248524508
lake brewster,2011,7813.152000000001,-0.7744245368538368,0.10243208673523556,41362.790400000005,-0.5691862173341634,-0.773945071285245
lake brewster,2012,21266.064000000002,0.18364712732827837,-0.7744245368538368,84357.3312,0.7462687443333872,-0.5691862173341634
lake brewster,2013,8148.9888,-0.7505073565534235,0.18364712732827837,50604.6528,-0.2864234869288935,0.7462687443333872
lake brewster,2014,8419.161600000001,-0.7312665480122881,-0.7505073565534235,41757.4656,-0.5571107900723113,-0.2864234869288935
lake brewster,2015,15718.752,-0.21141398951968876,-0.7312665480122881,44637.6096,-0.46899030675929904,-0.5571107900723113
lake brewster,2016,36773.3088,1.2880215432477051,-0.21141398951968876,86644.4256,0.8162443649657181,-0.46899030675929904
lake brewster,2017,7550.7552000000005,-0.793111564528742,1.2880215432477051,36591.696,-0.7151619548181248,0.8162443649657181
lake brewster,2018,8416.0512,-0.7314880603587802,-0.793111564528742,45244.5696,-0.45041984342424846,-0.7151619548181248
lake brewster,2019,6941.8944,-0.8364726063545751,-0.7314880603587802,41332.5504,-0.5701114361480095,-0.45041984342424846
lake brewster,2020,19415.376,0.05184728116546454,-0.8364726063545751,43676.064000000006,-0.4984096215572745,-0.5701114361480095
lake brewster,2021,42199.142400000004,1.674431372341008,0.05184728116546454,83045.1744,0.7061221782594495,-0.4984096215572745
lake brewster,2022,53002.3392,2.443799129794777,1.674431372341008,156624.9696,2.9573593091447323,0.7061221782594495
lake brewster,2023,20110.6368,0.10136144372719011,2.443799129794777,88124.19840000001,0.8615192867506878,2.9573593091447323
lake brewster,2024,27326.160000000003,0.6152270157437665,0.10136144372719011,73126.4544,0.40265040731798213,0.8615192867506878
lake brewster,2025,11572.2432,-0.5067145598766334,0.6152270157437665,50544.3456,-0.28826863759193494,0.40265040731798213
lake cowal and nerang cowal,2009,2885.3280000000004,-1.1253677780254558,NA,17080.0704,-1.3121369248524508,NA
lake cowal and nerang cowal,2010,20125.670400000003,0.10243208673523556,-1.1253677780254558,34670.419200000004,-0.773945071285245,-1.3121369248524508
lake cowal and nerang cowal,2011,7813.152000000001,-0.7744245368538368,0.10243208673523556,41362.790400000005,-0.5691862173341634,-0.773945071285245
lake cowal and nerang cowal,2012,21266.064000000002,0.18364712732827837,-0.7744245368538368,84357.3312,0.7462687443333872,-0.5691862173341634
lake cowal and nerang cowal,2013,8148.9888,-0.7505073565534235,0.18364712732827837,50604.6528,-0.2864234869288935,0.7462687443333872
lake cowal and nerang cowal,2014,8419.161600000001,-0.7312665480122881,-0.7505073565534235,41757.4656,-0.5571107900723113,-0.2864234869288935
lake cowal and nerang cowal,2015,15718.752,-0.21141398951968876,-0.7312665480122881,44637.6096,-0.46899030675929904,-0.5571107900723113
lake cowal and nerang cowal,2016,36773.3088,1.2880215432477051,-0.21141398951968876,86644.4256,0.8162443649657181,-0.46899030675929904
lake cowal and nerang cowal,2017,7550.7552000000005,-0.793111564528742,1.2880215432477051,36591.696,-0.7151619548181248,0.8162443649657181
lake cowal and nerang cowal,2018,8416.0512,-0.7314880603587802,-0.793111564528742,45244.5696,-0.45041984342424846,-0.7151619548181248
lake cowal and nerang cowal,2019,6941.8944,-0.8364726063545751,-0.7314880603587802,41332.5504,-0.5701114361480095,-0.45041984342424846
lake cowal and nerang cowal,2020,19415.376,0.05184728116546454,-0.8364726063545751,43676.064000000006,-0.4984096215572745,-0.5701114361480095
lake cowal and nerang cowal,2021,42199.142400000004,1.674431372341008,0.05184728116546454,83045.1744,0.7061221782594495,-0.4984096215572745
lake cowal and nerang cowal,2022,53002.3392,2.443799129794777,1.674431372341008,156624.9696,2.9573593091447323,0.7061221782594495
lake cowal and nerang cowal,2023,20110.6368,0.10136144372719011,2.443799129794777,88124.19840000001,0.8615192867506878,2.9573593091447323
lake cowal and nerang cowal,2024,27326.160000000003,0.6152270157437665,0.10136144372719011,73126.4544,0.40265040731798213,0.8615192867506878
lake cowal and nerang cowal,2025,11572.2432,-0.5067145598766334,0.6152270157437665,50544.3456,-0.28826863759193494,0.40265040731798213
lake hindmarsh,2009,110.0736,-0.6213915025677161,NA,9362.6496,-0.6185953022705573,NA
lake hindmarsh,2010,116299.15200000002,3.0808111549570563,-0.6213915025677161,120389.67360000001,0.7412779241545434,-0.6185953022705573
lake hindmarsh,2011,24452.409600000003,0.15424302582837915,3.0808111549570563,288191.52,2.7965364553032948,0.7412779241545434
lake hindmarsh,2012,15348.8736,-0.13582843042367804,0.15424302582837915,32631.811200000004,-0.3335916272986057,2.7965364553032948
lake hindmarsh,2013,8442.662400000001,-0.3558852017670623,-0.13582843042367804,15579.734400000001,-0.5424476504526138,-0.3335916272986057
lake hindmarsh,2014,5795.280000000001,-0.4402403433322811,-0.3558852017670623,13795.056,-0.5643066203367312,-0.5424476504526138
lake hindmarsh,2015,107.56800000000001,-0.6214713400111871,-0.4402403433322811,5870.620800000001,-0.6613661187793864,-0.5643066203367312
lake hindmarsh,2016,78788.0736,1.8855730478003332,-0.6214713400111871,130859.53920000001,0.869514180524967,-0.6613661187793864
lake hindmarsh,2017,10897.0272,-0.2776802963643936,1.8855730478003332,24225.091200000003,-0.4365582118127725,0.869514180524967
lake hindmarsh,2018,2316.7296,-0.5510794920074966,-0.2776802963643936,8969.616,-0.6234092282002072,-0.4365582118127725
lake hindmarsh,2019,9125.3952,-0.33413087492889254,-0.5510794920074966,14147.481600000001,-0.559990066398054,-0.6234092282002072
lake hindmarsh,2020,365.2128,-0.6132618484101465,-0.33413087492889254,5784.3936,-0.6624222405814947,-0.559990066398054
lake hindmarsh,2021,14524.531200000001,-0.16209494932559873,-0.6132618484101465,21475.152000000002,-0.4702398197461425,-0.6624222405814947
lake hindmarsh,2022,33051.2832,0.4282341197592833,-0.16209494932559873,180787.16160000002,1.481034101664366,-0.4702398197461425
lake hindmarsh,2023,10296.1152,-0.2968275177209452,0.4282341197592833,130886.23680000001,0.8698411761530749,1.481034101664366
lake hindmarsh,2024,3001.6224,-0.5292563397870244,-0.2968275177209452,9227.1744,-0.620254619891505,0.8698411761530749
lake hindmarsh,2025,476.5824,-0.6097132116986304,-0.5292563397870244,5572.1088,-0.6650223320321761,-0.620254619891505
lake mokoan,2009,471.83040000000005,-1.038828060462089,NA,2888.6976,-0.8435466153461159,NA
lake mokoan,2010,420.336,-1.2277058896370143,-1.038828060462089,2224.9728,-1.389247104748224,-0.8435466153461159
lake mokoan,2011,778.5504000000001,0.08619927774426128,-1.2277058896370143,4276.0224,0.2970824862328545,-1.389247104748224
lake mokoan,2012,653.4432,-0.3726851126001881,0.08619927774426128,2946.1536,-0.796307507632968,0.2970824862328545
lake mokoan,2013,510.45120000000003,-0.8971696885808951,-0.3726851126001881,3641.5872000000004,-0.22453671367337788,-0.796307507632968
lake mokoan,2014,959.1264000000001,0.7485393162939153,-0.8971696885808951,4451.8464,0.4416412594603074,-0.22453671367337788
lake mokoan,2015,1133.568,1.388378808079442,0.7485393162939153,5836.6656,1.5802103097254714,0.4416412594603074
lake mokoan,2016,NA,NA,1.388378808079442,NA,NA,1.5802103097254714
lake mokoan,2017,908.3232,0.5621967599938211,NA,3984.1632000000004,0.057122026300503816,NA
lake mokoan,2018,728.4384,-0.09760800568100184,0.5621967599938211,3030.2208,-0.7271892342421516,0.057122026300503816
lake mokoan,2019,462.5856,-1.0727373351629566,-0.09760800568100184,2408.2272000000003,-1.2385792138315521,-0.7271892342421516
lake mokoan,2020,1035.9360000000001,1.0302715145095338,-1.0727373351629566,4196.5344000000005,0.23172913420865043,-1.2385792138315521
lake mokoan,2021,642.6432000000001,-0.4122987512694256,1.0302715145095338,2802.7296,-0.914227686285337,0.23172913420865043
lake mokoan,2022,579.2256,-0.6449100375351896,-0.4122987512694256,4030.2144000000003,0.09498434872322224,-0.914227686285337
lake mokoan,2023,1405.1232,2.384424138778754,-0.6449100375351896,6694.8768,2.28581340283028,0.09498434872322224
lake mokoan,2024,644.5440000000001,-0.4053267508636398,2.384424138778754,4800.1248000000005,0.7279883920794039,2.28581340283028
lake mokoan,2025,746.6688,-0.030740183607328518,-0.4053267508636398,4421.952,0.4170627161990304,0.7279883920794039
lindsay-walpolla-chowilla,2009,123377.73120000001,-1.0250819634615793,NA,919817.3376000001,-0.8919004691309138,NA
lindsay-walpolla-chowilla,2010,796257.0432000001,-0.5220631271675332,-1.0250819634615793,3022388.3808000004,-0.5450157769533414,-0.8919004691309138
lindsay-walpolla-chowilla,2011,2816338.7232000004,0.9880726695063904,-0.5220631271675332,16624014.9984,1.6989968939239346,-0.5450157769533414
lindsay-walpolla-chowilla,2012,3561410.4192000004,1.545059770749817,0.9880726695063904,11330105.990400001,0.82560143715911,1.6989968939239346
lindsay-walpolla-chowilla,2013,1069132.608,-0.31807179230126453,1.545059770749817,3801931.5168000003,-0.4164058155230024,0.82560143715911
lindsay-walpolla-chowilla,2014,768707.5392,-0.5426580826007272,-0.31807179230126453,2677721.328,-0.6018793606600378,-0.4164058155230024
lindsay-walpolla-chowilla,2015,672187.248,-0.6148129604403753,-0.5426580826007272,2583967.3056,-0.6173470117084118,-0.6018793606600378
lindsay-walpolla-chowilla,2016,2230252.8768,0.5499373082805141,-0.6148129604403753,4977973.152000001,-0.22238105620096688,-0.6173470117084118
lindsay-walpolla-chowilla,2017,614532.0096,-0.6579138113790408,0.5499373082805141,NA,NA,-0.22238105620096688
lindsay-walpolla-chowilla,2018,535800.096,-0.7167707785230617,-0.6579138113790408,2442379.0464000003,-0.6407064125083962,NA
lindsay-walpolla-chowilla,2019,502289.76960000006,-0.7418218167834885,-0.7167707785230617,2394448.9056,-0.6486139846169379,-0.6407064125083962
lindsay-walpolla-chowilla,2020,844873.3728,-0.4857194187132009,-0.7418218167834885,2428534.5696,-0.6429904908935996,-0.6486139846169379
lindsay-walpolla-chowilla,2021,1482588.6624,-0.008987860555989208,-0.4857194187132009,4165644.8448,-0.35639995449290773,-0.6429904908935996
lindsay-walpolla-chowilla,2022,4436451.993600001,2.1992073817906483,-0.008987860555989208,13351345.948800001,1.1590680294315405,-0.35639995449290773
lindsay-walpolla-chowilla,2023,3730198.3488000003,1.6712391708498355,2.1992073817906483,20497014.576,2.337969008861337,1.1590680294315405
lindsay-walpolla-chowilla,2024,552726.9792000001,-0.7041168880890677,1.6712391708498355,3671072.8416000004,-0.43799503668740664,2.337969008861337
lindsay-walpolla-chowilla,2025,671271.1488000001,-0.6154978011618774,-0.7041168880890677,NA,NA,NA
lowbidgee floodplain,2009,40902.623999999996,-1.0127146610237516,NA,235060.44480000003,-1.0065269000959303,NA
lowbidgee floodplain,2010,283564.97280000005,-0.4625393153215459,-1.0127146610237516,661074.2208,-0.6709916706281835,-1.0065269000959303
lowbidgee floodplain,2011,588339.2448000001,0.22845906694886461,-0.4625393153215459,2606562.2016000003,0.8613056231205315,-0.6709916706281835
lowbidgee floodplain,2012,910149.3504,0.9580818822495927,0.22845906694886461,2705607.1872,0.9393150299593507,0.8613056231205315
lowbidgee floodplain,2013,175865.1264,-0.7067214083335561,0.9580818822495927,590920.7903999999,-0.7262456288175864,0.9393150299593507
lowbidgee floodplain,2014,231558.9984,-0.5804496754808064,-0.7067214083335561,NA,NA,-0.7262456288175864
lowbidgee floodplain,2015,290149.4304,-0.447610727288603,-0.5804496754808064,726974.4384000001,-0.6190876105247598,NA
lowbidgee floodplain,2016,1166046.5376,1.5382638681579974,-0.447610727288603,2332178.1792,0.6451964005909122,-0.6190876105247598
lowbidgee floodplain,2017,272582.2368,-0.4874398843856663,1.5382638681579974,NA,NA,0.6451964005909122
lowbidgee floodplain,2018,157335.78240000003,-0.7487319974968433,-0.4874398843856663,417920.7744,-0.8625031945036402,NA
lowbidgee floodplain,2019,129435.5808,-0.811988630165031,-0.7487319974968433,383409.6768,-0.8896846841754666,-0.8625031945036402
lowbidgee floodplain,2020,229297.56480000002,-0.5855769027528378,-0.811988630165031,622800.4896,-0.7011366704010991,-0.8896846841754666
lowbidgee floodplain,2021,1227692.5920000002,1.6780306653493098,-0.5855769027528378,2191364.0640000002,0.534288962574331,-0.7011366704010991
lowbidgee floodplain,2022,1428966.7488000002,2.1343687802071183,1.6780306653493098,4446460.8288,2.3104390616479846,0.534288962574331
lowbidgee floodplain,2023,755386.3872000001,0.6071961053603447,2.1343687802071183,3019180.0896,1.1862900380202435,2.3104390616479846
lowbidgee floodplain,2024,211187.52000000002,-0.626636837298903,0.6071961053603447,1025149.7376000001,-0.38423999977828005,1.1862900380202435
lowbidgee floodplain,2025,190301.616,-0.673990328725683,-0.626636837298903,730362.9600000001,-0.6164187569884075,-0.38423999977828005
lower lakes,2009,92808.4608,-1.047204273111581,NA,493502.6304,-0.9662415081837139,NA
lower lakes,2010,710307.9648000001,-0.5478386651329001,-1.047204273111581,2428870.2336,-0.5330149061074381,-0.9662415081837139
lower lakes,2011,2891368.8288000003,1.2159632121717119,-0.5478386651329001,16048444.377600001,2.515688512496434,-0.5330149061074381
lower lakes,2012,3219360.8544,1.4812070483447413,1.2159632121717119,10745351.6544,1.3286061012952255,2.515688512496434
lower lakes,2013,987186.7008000001,-0.3239296296707297,1.4812070483447413,3438456.1344000003,-0.30702193785452186,1.3286061012952255
lower lakes,2014,772679.8656,-0.49739913933244223,-0.3239296296707297,2278500.7104,-0.5666747015303099,-0.30702193785452186
lower lakes,2015,624646.5984,-0.6171121463835354,-0.49739913933244223,2206563.2928,-0.5827776904082164,-0.5666747015303099
lower lakes,2016,2041000.2432000001,0.5282787314500644,-0.6171121463835354,4227640.3008,-0.1303652788009297,-0.5827776904082164
lower lakes,2017,547340.8896,-0.6796284917814984,0.5282787314500644,5742126.5472,0.20864821369232173,-0.1303652788009297
lower lakes,2018,464006.62080000003,-0.7470200727223809,-0.6796284917814984,1930977.4464,-0.6444668080821825,0.20864821369232173
lower lakes,2019,462542.5728,-0.7482040335432304,-0.7470200727223809,1959402.9600000002,-0.638103836702048,-0.6444668080821825
lower lakes,2020,853471.4688,-0.432063786364223,-0.7482040335432304,1975235.7600000002,-0.6345597088919037,-0.638103836702048
lower lakes,2021,1326058.2144000002,-0.04988766150824223,-0.432063786364223,3578395.3632,-0.27569693453734406,-0.6345597088919037
lower lakes,2022,3868114.9536,2.005847931579636,-0.04988766150824223,11810191.2192,1.5669674470426318,-0.27569693453734406
lower lakes,2023,3609272.5632,1.7965247065155538,2.005847931579636,NA,NA,1.5669674470426318
lower lakes,2024,504669.48480000003,-0.7141364255745212,1.7965247065155538,3286723.0464000003,-0.3409869634280059,NA
lower lakes,2025,616874.5728000001,-0.6233973049364235,-0.7141364255745212,NA,NA,NA
macquarie marshes,2009,15330.297600000002,-1.0095955693111067,NA,54035.5968,-1.064549504483833,NA
macquarie marshes,2010,238365.2448,0.6129290362473782,-1.0095955693111067,424278.17280000006,-0.16284193673912933,-1.064549504483833
macquarie marshes,2011,93552.62400000001,-0.44054730633096745,0.6129290362473782,808667.1072,0.7733183904994169,-0.16284193673912933
macquarie marshes,2012,283609.98720000003,0.9420734539171636,-0.44054730633096745,846418.6368000001,0.8652603824281309,0.7733183904994169
macquarie marshes,2013,75507.12000000001,-0.571823927449221,0.9420734539171636,367388.26560000004,-0.30139450517883765,0.8652603824281309
macquarie marshes,2014,22772.7936,-0.9554532340476463,-0.571823927449221,125503.94880000001,-0.8904918513935997,-0.30139450517883765
macquarie marshes,2015,63685.7856,-0.6578212394190599,-0.9554532340476463,130397.04000000001,-0.8785749686504735,-0.8904918513935997
macquarie marshes,2016,381988.74240000005,1.6577547988369734,-0.6578212394190599,655406.9856,0.4000609089498247,-0.8785749686504735
macquarie marshes,2017,93992.05440000001,-0.4373505578151797,1.6577547988369734,517762.8864000001,0.06483548121824306,0.4000609089498247
macquarie marshes,2018,71164.4832,-0.6034155463836538,-0.4373505578151797,182819.28960000002,-0.7509031603641089,0.06483548121824306
macquarie marshes,2019,854.3232,-1.1149047369922276,-0.6034155463836538,66289.1904,-1.0347064804843777,-0.7509031603641089
macquarie marshes,2020,133205.5584,-0.15208192207482482,-1.1149047369922276,353862.43200000003,-0.3343360070691432,-1.0347064804843777
macquarie marshes,2021,257520.98880000002,0.7522823813978523,-0.15208192207482482,589856.8608,0.24041680686587164,-0.3343360070691432
macquarie marshes,2022,506167.05600000004,2.5611216111782005,0.7522823813978523,1733573.5776,3.0258825683581043,0.24041680686587164
macquarie marshes,2023,135561.4272,-0.13494355365563773,2.5611216111782005,780703.8336,0.7052152142076776,3.0258825683581043
macquarie marshes,2024,142060.3488,-0.08766549101131184,-0.13494355365563773,360913.1904,-0.31716423207690264,0.7052152142076776
macquarie marshes,2025,104548.0608,-0.36055819708673126,-0.08766549101131184,351525.65760000004,-0.3400271060868642,-0.31716423207690264
menindee lakes,2009,42454.7136,-0.5492056540316494,NA,320300.78400000004,-0.7118242519996526,NA
menindee lakes,2010,435875.9904,0.11061932729268852,-0.5492056540316494,3271332.3552,0.7234555883072573,-0.7118242519996526
menindee lakes,2011,NA,NA,0.11061932729268852,NA,NA,0.7234555883072573
menindee lakes,2012,565619.2416000001,0.3282177220625744,NA,4909460.544000001,1.5201845654449155,NA
menindee lakes,2013,78702.71040000001,-0.4884124656048749,0.3282177220625744,1145248.1568,-0.3105983400001691,1.5201845654449155
menindee lakes,2014,7576.675200000001,-0.6077012219965937,-0.4884124656048749,60062.5152,-0.838395158434627,-0.3105983400001691
menindee lakes,2015,40076.380800000006,-0.5531944657403279,-0.6077012219965937,104374.3104,-0.8168434315879682,-0.838395158434627
menindee lakes,2016,451584.288,0.13696443819991116,-0.5531944657403279,1160518.4928000001,-0.3031713759414279,-0.8168434315879682
menindee lakes,2017,31974.220800000003,-0.5667829722241917,0.13696443819991116,1023895.3824000001,-0.36962013846598696,-0.3031713759414279
menindee lakes,2018,3458.8512,-0.6146074146814346,-0.5667829722241917,18824.745600000002,-0.8584517853930547,-0.36962013846598696
menindee lakes,2019,518.832,-0.6195382565756806,-0.6146074146814346,3160.2528,-0.8660704537068371,-0.8584517853930547
menindee lakes,2020,45990.4608,-0.5432756892133167,-0.6195382565756806,719458.0704000001,-0.5176879330687887,-0.8660704537068371
menindee lakes,2021,1066271.3856000002,1.1678845399116842,-0.5432756892133167,2305218.3552,0.25357110412520273,-0.5176879330687887
menindee lakes,2022,2290939.9776000003,3.221832759025652,1.1678845399116842,7324129.728,2.6945962642652845,0.25357110412520273
menindee lakes,2023,89790.07680000001,-0.4698173316880706,3.221832759025652,3364732.4832,0.7688821849281714,2.6945962642652845
menindee lakes,2024,152308.33920000002,-0.36496506834319686,-0.4698173316880706,716277.3408,-0.5192349300975231,0.7688821849281714
menindee lakes,2025,615563.6256,0.4119817536068275,-0.36496506834319686,2094753.1392,0.15120809162520307,-0.5192349300975231
mulwala,2009,21175038.662400004,-1.171535581978224,NA,176819988.0096,-1.6184993231346294,NA
mulwala,2010,34082574.8544,-0.9568650061979652,-1.171535581978224,229441883.04,-1.2140055494154935,-1.6184993231346294
mulwala,2011,126073627.54560001,0.5730762586649273,-0.9568650061979652,551972693.9808,1.2652230071153736,-1.2140055494154935
mulwala,2012,168472522.16640002,1.2782298205301954,0.5730762586649273,447400063.5264,0.46139452667390496,1.2652230071153736
mulwala,2013,108305544.096,0.27756791006146647,1.2782298205301954,421627044.4416,0.26328258593662324,0.46139452667390496
mulwala,2014,50350093.51680001,-0.686313171531181,0.27756791006146647,332079410.1024,-0.4250518140419207,0.26328258593662324
mulwala,2015,84624512.9184,-0.11628111909070017,-0.686313171531181,397961600.25600004,0.08137114356377034,-0.4250518140419207
mulwala,2016,143017577.7696,0.8548781065522523,-0.11628111909070017,497526768.63360006,0.8467082844016358,0.08137114356377034
mulwala,2017,48357961.63200001,-0.7194451412873677,0.8548781065522523,331277459.12640005,-0.4312162476190955,0.8467082844016358
mulwala,2018,73876239.5616,-0.2950401011168707,-0.7194451412873677,354069444.4128,-0.25601890564346075,-0.4312162476190955
mulwala,2019,68739603.7824,-0.3804696163932082,-0.2950401011168707,322353090.11520004,-0.4998160518891046,-0.25601890564346075
mulwala,2020,27594263.520000003,-1.0647747969805397,-0.3804696163932082,218142557.65440002,-1.3008611589115284,-0.4998160518891046
mulwala,2021,96867995.12640001,0.08734530008414808,-1.0647747969805397,378021478.176,-0.07190450764377178,-1.3008611589115284
mulwala,2022,247436629.0272,2.591514558502738,0.08734530008414808,641483281.4688001,1.953272635505254,-0.07190450764377178
mulwala,2023,148878270.25920004,0.952349708606969,2.591514558502738,605990232.7488,1.6804448095735578,1.953272635505254
mulwala,2024,73544497.0848,-0.3005574475295473,0.952349708606969,349666447.7088,-0.289863843220205,1.6804448095735578
mulwala,2025,36077914.8576,-0.923679680897091,-0.3005574475295473,329554589.9904,-0.44445959125091045,-0.289863843220205
murray river and euston lakes,2010,1479362.2272,-0.3541636244581737,NA,3959907.9552000007,-0.6497221707801369,NA
murray river and euston lakes,2011,2974144.176,0.9823473952555827,-0.3541636244581737,13831844.688000001,1.5043470666455203,-0.6497221707801369
murray river and euston lakes,2012,3722665.1328000003,1.651613242393357,0.9823473952555827,9140542.1568,0.48069884650049244,1.5043470666455203
murray river and euston lakes,2013,1504395.7632000002,-0.3317806964643879,1.651613242393357,3982592.9664000003,-0.6447722722851214,0.48069884650049244
murray river and euston lakes,2014,1274503.7664,-0.5373312032214841,-0.3317806964643879,3768925.4208000004,-0.6913948043647673,-0.6447722722851214
murray river and euston lakes,2015,1118244.7872000001,-0.6770451245714705,-0.5373312032214841,3927501.3888000003,-0.6567933250695378,-0.6913948043647673
murray river and euston lakes,2016,2782637.6256,0.8111179961031222,-0.6770451245714705,7322735.318400001,0.08405106641805096,-0.6567933250695378
murray river and euston lakes,2017,1136867.7888000002,-0.660393968944037,0.8111179961031222,NA,NA,0.08405106641805096
murray river and euston lakes,2018,797279.9328000001,-0.9640254866174517,-0.660393968944037,3634409.4336,-0.7207463650374297,NA
murray river and euston lakes,2019,1103010.3936,-0.69066646575866,-0.9640254866174517,4042612.1088000005,-0.6316760185509424,-0.7207463650374297
murray river and euston lakes,2020,1101211.1136,-0.6922752338799777,-0.69066646575866,3869602.1568,-0.6694270116396094,-0.6316760185509424
murray river and euston lakes,2021,2097108.4032,0.1981741745584916,-0.6922752338799777,5726687.385600001,-0.2642086364706816,-0.6694270116396094
murray river and euston lakes,2022,3663044.9856000002,1.598305812641663,0.1981741745584916,11129299.084800001,0.9146481550579934,-0.2642086364706816
murray river and euston lakes,2023,3733512.1344000003,1.6613117386729588,1.598305812641663,18334952.467200004,2.4869309508957245,0.9146481550579934
murray river and euston lakes,2024,738822.4704,-1.016293339293104,1.6613117386729588,4453886.2176,-0.5419354813195557,2.4869309508957245
murray river and euston lakes,2025,780649.3152000001,-0.9788952164164295,-1.016293339293104,NA,NA,NA
narran lakes,2009,0,-0.2832147302596406,NA,2158.0128,-0.6217140073317632,NA
narran lakes,2010,131.67360000000002,-0.2773817363199166,-0.2832147302596406,145341.64800000002,0.15911208382436168,-0.6217140073317632
narran lakes,2011,1562.8032,-0.21398428775194472,-0.2773817363199166,510149.31840000005,2.1485248187666013,0.15911208382436168
narran lakes,2012,7421.068800000001,0.04553035863194595,-0.21398428775194472,251161.6032,0.7361820951403771,2.1485248187666013
narran lakes,2013,7.9488,-0.282862607265904,0.04553035863194595,88297.9488,-0.15196542590086826,0.7361820951403771
narran lakes,2014,0,-0.2832147302596406,-0.282862607265904,3048.3648000000003,-0.6168586335249593,-0.15196542590086826
narran lakes,2015,0,-0.2832147302596406,-0.2832147302596406,4235.8464,-0.6103829171153803,-0.6168586335249593
narran lakes,2016,2458.512,-0.17430538475121032,-0.2832147302596406,22452.854400000004,-0.511039754544244,-0.6103829171153803
narran lakes,2017,0,-0.2832147302596406,-0.17430538475121032,3660.5088,-0.6135204167931587,-0.511039754544244
narran lakes,2018,0,-0.2832147302596406,-0.2832147302596406,0,-0.6334823403324948,-0.6135204167931587
narran lakes,2019,0,-0.2832147302596406,-0.2832147302596406,0,-0.6334823403324948,-0.6334823403324948
narran lakes,2020,0,-0.2832147302596406,-0.2832147302596406,60265.5552,-0.30483502087842307,-0.6334823403324948
narran lakes,2021,236.9952,-0.27271610665290635,-0.2832147302596406,27677.1168,-0.4825501832097267,-0.30483502087842307
narran lakes,2022,93671.7696,3.866340415191135,-0.27271610665290635,625499.1072000001,2.777564056236587,-0.4825501832097267
narran lakes,2023,0,-0.2832147302596406,3.866340415191135,104186.3904,-0.0653206795807918,2.777564056236587
narran lakes,2024,10.368,-0.28275543939824505,-0.2832147302596406,56520.8928,-0.32525586087460806,-0.0653206795807918
narran lakes,2025,3184.4448,-0.1421473696058288,-0.28275543939824505,70142.02560000001,-0.2509754735490145,-0.32525586087460806
noora evaporation basin,2009,123377.73120000001,-1.0250819634615793,NA,919817.3376000001,-0.8919004691309138,NA
noora evaporation basin,2010,796257.0432000001,-0.5220631271675332,-1.0250819634615793,3022388.3808000004,-0.5450157769533414,-0.8919004691309138
noora evaporation basin,2011,2816338.7232000004,0.9880726695063904,-0.5220631271675332,16624014.9984,1.6989968939239346,-0.5450157769533414
noora evaporation basin,2012,3561410.4192000004,1.545059770749817,0.9880726695063904,11330105.990400001,0.82560143715911,1.6989968939239346
noora evaporation basin,2013,1069132.608,-0.31807179230126453,1.545059770749817,3801931.5168000003,-0.4164058155230024,0.82560143715911
noora evaporation basin,2014,768707.5392,-0.5426580826007272,-0.31807179230126453,2677721.328,-0.6018793606600378,-0.4164058155230024
noora evaporation basin,2015,672187.248,-0.6148129604403753,-0.5426580826007272,2583967.3056,-0.6173470117084118,-0.6018793606600378
noora evaporation basin,2016,2230252.8768,0.5499373082805141,-0.6148129604403753,4977973.152000001,-0.22238105620096688,-0.6173470117084118
noora evaporation basin,2017,614532.0096,-0.6579138113790408,0.5499373082805141,NA,NA,-0.22238105620096688
noora evaporation basin,2018,535800.096,-0.7167707785230617,-0.6579138113790408,2442379.0464000003,-0.6407064125083962,NA
noora evaporation basin,2019,502289.76960000006,-0.7418218167834885,-0.7167707785230617,2394448.9056,-0.6486139846169379,-0.6407064125083962
noora evaporation basin,2020,844873.3728,-0.4857194187132009,-0.7418218167834885,2428534.5696,-0.6429904908935996,-0.6486139846169379
noora evaporation basin,2021,1482588.6624,-0.008987860555989208,-0.4857194187132009,4165644.8448,-0.35639995449290773,-0.6429904908935996
noora evaporation basin,2022,4436451.993600001,2.1992073817906483,-0.008987860555989208,13351345.948800001,1.1590680294315405,-0.35639995449290773
noora evaporation basin,2023,3730198.3488000003,1.6712391708498355,2.1992073817906483,20497014.576,2.337969008861337,1.1590680294315405
noora evaporation basin,2024,552726.9792000001,-0.7041168880890677,1.6712391708498355,3671072.8416000004,-0.43799503668740664,2.337969008861337
noora evaporation basin,2025,671271.1488000001,-0.6154978011618774,-0.7041168880890677,NA,NA,NA
paroo overflow lakes complex,2009,2069.1072000000004,-0.3535481123706184,NA,106392.8736,-0.7334211546891364,NA
paroo overflow lakes complex,2010,54781.6608,0.19793093195755268,-0.3535481123706184,3423697.7184000006,2.3974870523055904,-0.7334211546891364
paroo overflow lakes complex,2011,576.72,-0.3691614759930477,0.19793093195755268,1428794.8992,0.5146761859540054,2.3974870523055904
paroo overflow lakes complex,2012,5912.8704,-0.31333463927187266,-0.3691614759930477,2217902.5152000003,1.2594444923727655,0.5146761859540054
paroo overflow lakes complex,2013,841.5360000000001,-0.3663909694508868,-0.31333463927187266,7723.036800000001,-0.8265468143053166,1.2594444923727655
paroo overflow lakes complex,2014,12067.488000000001,-0.24894499391321293,-0.3663909694508868,100018.9728,-0.7394369112321543,-0.8265468143053166
paroo overflow lakes complex,2015,3798.1440000000002,-0.3354589192477066,-0.24894499391321293,167486.22720000002,-0.6757605865086432,-0.7394369112321543
paroo overflow lakes complex,2016,383701.8816,3.639096207376785,-0.3354589192477066,614568.9888,-0.2537990385087641,-0.6757605865086432
paroo overflow lakes complex,2017,17.1936,-0.3750152444651633,3.639096207376785,34336.224,-0.8014290002613708,-0.2537990385087641
paroo overflow lakes complex,2018,0,-0.37519512400900995,-0.3750152444651633,83653.6032,-0.7548827241400213,-0.8014290002613708
paroo overflow lakes complex,2019,2.5920000000000005,-0.3751680064898371,-0.37519512400900995,417106.5408000001,-0.44016623354830914,-0.7548827241400213
paroo overflow lakes complex,2020,4439.3184,-0.32875094892164586,-0.3751680064898371,1460432.1600000001,0.5445357750239767,-0.44016623354830914
paroo overflow lakes complex,2021,13.824,-0.375050497240088,-0.32875094892164586,258181.86239999998,-0.5901610646463709,0.5445357750239767
paroo overflow lakes complex,2022,132502.8672,1.0110506482731845,-0.375050497240088,773821.2960000001,-0.10349498780419696,-0.5901610646463709
paroo overflow lakes complex,2023,155.952,-0.37356355327210933,1.0110506482731845,138376.85760000002,-0.7032343245113313,-0.10349498780419696
paroo overflow lakes complex,2024,5127.148800000001,-0.32155486325047344,-0.37356355327210933,905238.5472,0.02053803586190931,-0.7032343245113313
paroo overflow lakes complex,2025,3656.5344,-0.3369404397118507,-0.32155486325047344,2881390.1472000005,1.885651298637367,0.02053803586190931
pyap lagoon,2009,123377.73120000001,-1.0250819634615793,NA,919817.3376000001,-0.8919004691309138,NA
pyap lagoon,2010,796257.0432000001,-0.5220631271675332,-1.0250819634615793,3022388.3808000004,-0.5450157769533414,-0.8919004691309138
pyap lagoon,2011,2816338.7232000004,0.9880726695063904,-0.5220631271675332,16624014.9984,1.6989968939239346,-0.5450157769533414
pyap lagoon,2012,3561410.4192000004,1.545059770749817,0.9880726695063904,11330105.990400001,0.82560143715911,1.6989968939239346
pyap lagoon,2013,1069132.608,-0.31807179230126453,1.545059770749817,3801931.5168000003,-0.4164058155230024,0.82560143715911
pyap lagoon,2014,768707.5392,-0.5426580826007272,-0.31807179230126453,2677721.328,-0.6018793606600378,-0.4164058155230024
pyap lagoon,2015,672187.248,-0.6148129604403753,-0.5426580826007272,2583967.3056,-0.6173470117084118,-0.6018793606600378
pyap lagoon,2016,2230252.8768,0.5499373082805141,-0.6148129604403753,4977973.152000001,-0.22238105620096688,-0.6173470117084118
pyap lagoon,2017,614532.0096,-0.6579138113790408,0.5499373082805141,NA,NA,-0.22238105620096688
pyap lagoon,2018,535800.096,-0.7167707785230617,-0.6579138113790408,2442379.0464000003,-0.6407064125083962,NA
pyap lagoon,2019,502289.76960000006,-0.7418218167834885,-0.7167707785230617,2394448.9056,-0.6486139846169379,-0.6407064125083962
pyap lagoon,2020,844873.3728,-0.4857194187132009,-0.7418218167834885,2428534.5696,-0.6429904908935996,-0.6486139846169379
pyap lagoon,2021,1482588.6624,-0.008987860555989208,-0.4857194187132009,4165644.8448,-0.35639995449290773,-0.6429904908935996
pyap lagoon,2022,4436451.993600001,2.1992073817906483,-0.008987860555989208,13351345.948800001,1.1590680294315405,-0.35639995449290773
pyap lagoon,2023,3730198.3488000003,1.6712391708498355,2.1992073817906483,20497014.576,2.337969008861337,1.1590680294315405
pyap lagoon,2024,552726.9792000001,-0.7041168880890677,1.6712391708498355,3671072.8416000004,-0.43799503668740664,2.337969008861337
pyap lagoon,2025,671271.1488000001,-0.6154978011618774,-0.7041168880890677,NA,NA,NA
talywalka system,2010,19.44,-0.34412504375833214,NA,NA,NA,NA
talywalka system,2011,2734.0416,-0.23616875970237697,-0.34412504375833214,814319.5680000001,0.5417511644273098,NA
talywalka system,2012,35475.1488,1.0659038056382162,-0.23616875970237697,1110334.5216,0.9046331659600039,0.5417511644273098
talywalka system,2013,0,-0.34489814805549596,1.0659038056382162,376.704,-0.45605388572125666,0.9046331659600039
talywalka system,2014,0,-0.34489814805549596,-0.34489814805549596,0,-0.4565156836805925,-0.45605388572125666
talywalka system,2015,0,-0.34489814805549596,-0.34489814805549596,0,-0.4565156836805925,-0.4565156836805925
talywalka system,2016,0.2592,-0.34488783999820044,-0.34489814805549596,0.2592,-0.4565153659297031,-0.4565156836805925
talywalka system,2017,0,-0.34489814805549596,-0.34488783999820044,7481.203200000001,-0.4473445456753239,-0.4565153659297031
talywalka system,2018,0,-0.34489814805549596,-0.34489814805549596,0,-0.4565156836805925,-0.4473445456753239
talywalka system,2019,0,-0.34489814805549596,-0.34489814805549596,0,-0.4565156836805925,-0.4565156836805925
talywalka system,2020,0,-0.34489814805549596,-0.34489814805549596,0,-0.4565156836805925,-0.4565156836805925
talywalka system,2021,16.6752,-0.34423499636948435,-0.34489814805549596,2922.3072,-0.4529332542359558,-0.4565156836805925
talywalka system,2022,97002.40320000002,3.512765162085298,-0.34423499636948435,350059.62240000005,-0.02738082110893632,-0.4529332542359558
talywalka system,2023,3513.5424000000003,-0.20516899539565722,3.512765162085298,2928036.816,3.1329376443674173,-0.02738082110893632
talywalka system,2024,0,-0.34489814805549596,-0.20516899539565722,0,-0.4565156836805925,3.1329376443674173
talywalka system,2025,0,-0.34489814805549596,-0.34489814805549596,NA,NA,NA
upper darling river,2009,31690.483200000002,-0.5661874290788812,NA,322657.776,-0.7763276504924632,NA
upper darling river,2010,436212.25920000003,-0.006348211486644005,-0.5661874290788812,3467130.1344000003,0.13007442812543865,-0.7763276504924632
upper darling river,2011,93904.79040000001,-0.4800857378169228,-0.006348211486644005,7059617.510400001,1.1656179641709716,0.13007442812543865
upper darling river,2012,NA,NA,-0.4800857378169228,NA,NA,1.1656179641709716
upper darling river,2013,NA,NA,NA,NA,NA,NA
upper darling river,2014,NA,NA,NA,NA,NA,NA
upper darling river,2015,49392.6336,-0.5416884808946032,NA,NA,NA,NA
upper darling river,2016,703303.4304000001,0.3632934770003617,-0.5416884808946032,1850287.7952000003,-0.33598444917186565,NA
upper darling river,2017,34180.012800000004,-0.5627420365533704,0.3632934770003617,729023.9328000001,-0.6591915821089885,-0.33598444917186565
upper darling river,2018,4518.72,-0.6037918784633058,-0.5627420365533704,57664.8288,-0.8527125350723932,-0.6591915821089885
upper darling river,2019,0,-0.6100455755926252,-0.6037918784633058,7971.004800000001,-0.8670369050251922,-0.8527125350723932
upper darling river,2020,56292.192,-0.5321398147768416,-0.6100455755926252,828812.3040000001,-0.6304273327315199,-0.8670369050251922
upper darling river,2021,1202769.9072,1.0545317197229567,-0.5321398147768416,2707260.0192000004,-0.0889600467863903,-0.6304273327315199
upper darling river,2022,2603534.1408,2.993123902136923,1.0545317197229567,10643823.8784,2.1987744787996357,-0.0889600467863903
upper darling river,2023,61391.347200000004,-0.5250828224789797,2.993123902136923,8286641.9712000005,1.5193108560207313,2.1987744787996357
upper darling river,2024,148971.6576,-0.40387576921314694,-0.5250828224789797,756656.2080000001,-0.6512265091735197,1.5193108560207313
upper darling river,2025,745028.2368000001,0.4210386574950789,-0.40387576921314694,2488872.7872,-0.15191071655444363,-0.6512265091735197
yantabulla,2009,2069.1072000000004,-0.3535481123706184,NA,106392.8736,-0.7334211546891364,NA
yantabulla,2010,54781.6608,0.19793093195755268,-0.3535481123706184,3423697.7184000006,2.3974870523055904,-0.7334211546891364
yantabulla,2011,576.72,-0.3691614759930477,0.19793093195755268,1428794.8992,0.5146761859540054,2.3974870523055904
yantabulla,2012,5912.8704,-0.31333463927187266,-0.3691614759930477,2217902.5152000003,1.2594444923727655,0.5146761859540054
yantabulla,2013,841.5360000000001,-0.3663909694508868,-0.31333463927187266,7723.036800000001,-0.8265468143053166,1.2594444923727655
yantabulla,2014,12067.488000000001,-0.24894499391321293,-0.3663909694508868,100018.9728,-0.7394369112321543,-0.8265468143053166
yantabulla,2015,3798.1440000000002,-0.3354589192477066,-0.24894499391321293,167486.22720000002,-0.6757605865086432,-0.7394369112321543
yantabulla,2016,383701.8816,3.639096207376785,-0.3354589192477066,614568.9888,-0.2537990385087641,-0.6757605865086432
yantabulla,2017,17.1936,-0.3750152444651633,3.639096207376785,34336.224,-0.8014290002613708,-0.2537990385087641
yantabulla,2018,0,-0.37519512400900995,-0.3750152444651633,83653.6032,-0.7548827241400213,-0.8014290002613708
yantabulla,2019,2.5920000000000005,-0.3751680064898371,-0.37519512400900995,417106.5408000001,-0.44016623354830914,-0.7548827241400213
yantabulla,2020,4439.3184,-0.32875094892164586,-0.3751680064898371,1460432.1600000001,0.5445357750239767,-0.44016623354830914
yantabulla,2021,13.824,-0.375050497240088,-0.32875094892164586,258181.86239999998,-0.5901610646463709,0.5445357750239767
yantabulla,2022,132502.8672,1.0110506482731845,-0.375050497240088,773821.2960000001,-0.10349498780419696,-0.5901610646463709
yantabulla,2023,155.952,-0.37356355327210933,1.0110506482731845,138376.85760000002,-0.7032343245113313,-0.10349498780419696
yantabulla,2024,5127.148800000001,-0.32155486325047344,-0.37356355327210933,905238.5472,0.02053803586190931,-0.7032343245113313
yantabulla,2025,3656.5344,-0.3369404397118507,-0.32155486325047344,2881390.1472000005,1.885651298637367,0.02053803586190931
