"year","inundated_area","valley_name","valley_surface_water","valley_surface_water_lagged"
1987,142571700,"avoca",-1.10995538230286,NA
1988,198302400,"avoca",0.420792923614411,-1.10995538230286
1989,264227400,"avoca",2.23154681810337,0.420792923614411
1990,209389500,"avoca",0.725320940354473,2.23154681810337
1991,182943000,"avoca",-0.00108183356441014,0.725320940354473
1992,213094800,"avoca",0.827093961291142,-0.00108183356441014
1993,189134100,"avoca",0.168968351284594,0.827093961291142
1994,150715800,"avoca",-0.886262385835547,0.168968351284594
1995,217032300,"avoca",0.935244791166763,-0.886262385835547
1996,161267400,"avoca",-0.59644288195857,0.935244791166763
1997,152135100,"avoca",-0.847278646700952,-0.59644288195857
1998,152199900,"avoca",-0.84549879304357,-0.847278646700952
1999,167049900,"avoca",-0.437615663226944,-0.84549879304357
2000,172040400,"avoca",-0.300542211418871,-0.437615663226944
2001,152478000,"avoca",-0.837860254430641,-0.300542211418871
2002,146243700,"avoca",-1.00909700838457,-0.837860254430641
2003,154038600,"avoca",-0.794995445515366,-1.00909700838457
2004,159352200,"avoca",-0.649047445610071,-0.794995445515366
2005,164157300,"avoca",-0.517066352877286,-0.649047445610071
2006,150598800,"avoca",-0.889476010494708,-0.517066352877286
2007,179893800,"avoca",-0.0848338362200908,-0.889476010494708
2008,135667800,"avoca",-1.29958395738306,-0.0848338362200908
2009,160256700,"avoca",-0.624203654975786,-1.29958395738306
2010,268953300,"avoca",2.3613525341438,-0.624203654975786
2011,227831400,"avoca",1.23186234720735,2.3613525341438
2012,148913100,"avoca",-0.935776925776317,1.23186234720735
2013,184648500,"avoca",0.0457629258902873,-0.935776925776317
2014,180681300,"avoca",-0.0632036702449666,0.0457629258902873
2015,163997100,"avoca",-0.521466546641368,-0.0632036702449666
2016,217949400,"avoca",0.96043466445665,-0.521466546641368
2017,209274300,"avoca",0.722156756074683,0.96043466445665
2018,163576800,"avoca",-0.533010875224663,0.722156756074683
2019,168213600,"avoca",-0.405652457963132,-0.533010875224663
2020,171963900,"avoca",-0.302643427542169,-0.405652457963132
2021,178666200,"avoca",-0.118552174951599,-0.302643427542169
2022,287730900,"avoca",2.87711457174951,-0.118552174951599
2023,222878700,"avoca",1.09582714336608,2.87711457174951
2024,183261600,"avoca",0.00766911358438294,1.09582714336608
1987,98701200,"border rivers",-0.74536458038559,NA
1988,321005700,"border rivers",-0.0126412128665443,-0.74536458038559
1989,132964200,"border rivers",-0.632432540137619,-0.0126412128665443
1990,203472900,"border rivers",-0.40003341144976,-0.632432540137619
1991,135765900,"border rivers",-0.623198039446998,-0.40003341144976
1992,118789200,"border rivers",-0.679153833384415,-0.623198039446998
1993,100350900,"border rivers",-0.739927111781058,-0.679153833384415
1994,136764000,"border rivers",-0.61990826711616,-0.739927111781058
1995,282853800,"border rivers",-0.138391202836382,-0.61990826711616
1996,332234100,"border rivers",0.024367984247553,-0.138391202836382
1997,208086300,"border rivers",-0.384827484517501,0.024367984247553
1998,381069000,"border rivers",0.185329513953231,-0.384827484517501
1999,258102900,"border rivers",-0.219971030492265,0.185329513953231
2000,264103200,"border rivers",-0.200193832900113,-0.219971030492265
2001,245318400,"border rivers",-0.262109187353899,-0.200193832900113
2002,162554400,"border rivers",-0.534902211288846,-0.262109187353899
2003,396191700,"border rivers",0.235174459377099,-0.534902211288846
2004,431235000,"border rivers",0.350678395577131,0.235174459377099
2005,324476100,"border rivers",-0.00120265370720165,0.350678395577131
2006,167733000,"border rivers",-0.517833365489349,-0.00120265370720165
2007,229052700,"border rivers",-0.315721500550684,-0.517833365489349
2008,216316800,"border rivers",-0.357699470121186,-0.315721500550684
2009,246327300,"border rivers",-0.258783817847254,-0.357699470121186
2010,686861100,"border rivers",1.1932309161863,-0.258783817847254
2011,364881600,"border rivers",0.131975280281048,1.1932309161863
2012,314006400,"border rivers",-0.0357111492208514,0.131975280281048
2013,313853400,"border rivers",-0.0362154425447851,-0.0357111492208514
2014,169306200,"border rivers",-0.512648043546784,-0.0362154425447851
2015,219145500,"border rivers",-0.348375976491048,-0.512648043546784
2016,326304000,"border rivers",0.00482216829814715,-0.348375976491048
2017,284160600,"border rivers",-0.134083944563725,0.00482216829814715
2018,141917400,"border rivers",-0.602922481393547,-0.134083944563725
2019,186447600,"border rivers",-0.456149392678309,-0.602922481393547
2020,220161600,"border rivers",-0.345026875533865,-0.456149392678309
2021,1661267700,"border rivers",4.40490897616611,-0.345026875533865
2022,1316558700,"border rivers",3.26873611734354,4.40490897616611
2023,328893300,"border rivers",0.0133565911978953,3.26873611734354
2024,416723400,"border rivers",0.302847657017681,0.0133565911978953
1987,88704000,"broken",0.325447452220987,NA
1988,104761800,"broken",0.806249480474013,0.325447452220987
1989,131098500,"broken",1.59482193607139,0.806249480474013
1990,142539300,"broken",1.93738192840142,1.59482193607139
1991,100582200,"broken",0.681104058480568,1.93738192840142
1992,99037800,"broken",0.634861693247848,0.681104058480568
1993,123483600,"broken",1.36681689397695,0.634861693247848
1994,84546000,"broken",0.200948776594433,1.36681689397695
1995,121889700,"broken",1.31909240165344,0.200948776594433
1996,111016800,"broken",0.993536449219588,1.31909240165344
1997,72435600,"broken",-0.161660353109229,0.993536449219588
1998,69771600,"broken",-0.241425738359142,-0.161660353109229
1999,84822300,"broken",0.209221740537582,-0.241425738359142
2000,92319300,"broken",0.4336966253794,0.209221740537582
2001,79088400,"broken",0.0375375278932582,0.4336966253794
2002,72468900,"broken",-0.160663285793605,0.0375375278932582
2003,86466600,"broken",0.258455307717174,-0.160663285793605
2004,76300200,"broken",-0.0459466489662797,0.258455307717174
2005,87228000,"broken",0.281253117150089,-0.0459466489662797
2006,65414700,"broken",-0.371879870114153,0.281253117150089
2007,45483300,"broken",-0.968665080163,-0.371879870114153
2008,32112000,"broken",-1.36902802903393,-0.968665080163
2009,22036500,"broken",-1.67070826142339,-1.36902802903393
2010,79239600,"broken",0.0420647524614966,-1.67070826142339
2011,66497400,"broken",-0.339461708473732,0.0420647524614966
2012,64414800,"broken",-0.401818837348158,-0.339461708473732
2013,50349600,"broken",-0.822958513255472,-0.401818837348158
2014,48781800,"broken",-0.869901520385657,-0.822958513255472
2015,33363000,"broken",-1.33157063528482,-0.869901520385657
2016,99028800,"broken",0.634592215594976,-1.33157063528482
2017,48993300,"broken",-0.863568795543181,0.634592215594976
2018,20423700,"broken",-1.71899865681793,-0.863568795543181
2019,18468900,"broken",-1.77752920302158,-1.71899865681793
2020,60673500,"broken",-0.51384069764677,-1.77752920302158
2021,67979700,"broken",-0.295078739045824,-0.51384069764677
2022,130943700,"broken",1.590186920442,-0.295078739045824
2023,137103300,"broken",1.77461742606714,1.590186920442
2024,37851300,"broken",-1.19718212979789,1.77461742606714
1987,41006700,"campaspe",0.589206017306153,NA
1988,44668800,"campaspe",0.889412338837998,0.589206017306153
1989,37375200,"campaspe",0.291508178185732,0.889412338837998
1990,41977800,"campaspe",0.668813444421626,0.291508178185732
1991,42018300,"campaspe",0.67213349467204,0.668813444421626
1992,42902100,"campaspe",0.74458436902551,0.67213349467204
1993,45362700,"campaspe",0.946295866461751,0.74458436902551
1994,36552600,"campaspe",0.224074268655109,0.946295866461751
1995,43813800,"campaspe",0.819322389107044,0.224074268655109
1996,44972100,"campaspe",0.914275826268873,0.819322389107044
1997,34779600,"campaspe",0.0787298465814456,0.914275826268873
1998,28168200,"campaspe",-0.463249912074964,0.0787298465814456
1999,26740800,"campaspe",-0.580263238678431,-0.463249912074964
2000,42498900,"campaspe",0.711531424310281,-0.580263238678431
2001,34094700,"campaspe",0.0225841079022286,0.711531424310281
2002,18845100,"campaspe",-1.22752547972018,0.0225841079022286
2003,20931300,"campaspe",-1.05650600237665,-1.22752547972018
2004,16680600,"campaspe",-1.40496372088117,-1.05650600237665
2005,15118200,"campaspe",-1.53304388165269,-1.40496372088117
2006,9089100,"campaspe",-2.02728869559759,-1.53304388165269
2007,10394100,"campaspe",-1.92030929863982,-2.02728869559759
2008,8512200,"campaspe",-2.07458096694237,-1.92030929863982
2009,7875000,"campaspe",-2.12681642421555,-2.07458096694237
2010,44534700,"campaspe",0.878419283564406,-2.12681642421555
2011,42789600,"campaspe",0.735362007218806,0.878419283564406
2012,43731900,"campaspe",0.812608509711763,0.735362007218806
2013,42516000,"campaspe",0.712933223304901,0.812608509711763
2014,38007000,"campaspe",0.343300962092184,0.712933223304901
2015,27854100,"campaspe",-0.488998746239283,0.343300962092184
2016,42847200,"campaspe",0.740083856463839,-0.488998746239283
2017,44709300,"campaspe",0.892732389088411,0.740083856463839
2018,34474500,"campaspe",0.053718801361663,0.892732389088411
2019,27873900,"campaspe",-0.487375610561303,0.053718801361663
2020,31921200,"campaspe",-0.155591922203302,-0.487375610561303
2021,33485400,"campaspe",-0.0273642036428829,-0.155591922203302
2022,47306700,"campaspe",1.1056582784816,-0.0273642036428829
2023,46683900,"campaspe",1.05460328351969,1.1056582784816
2024,42016500,"campaspe",0.671985936883133,1.05460328351969
1987,2027700,"castlereagh",-0.520822210261232,NA
1988,14389200,"castlereagh",-0.389090178419821,-0.520822210261232
1989,63315000,"castlereagh",0.132294365807543,-0.389090178419821
1990,53444700,"castlereagh",0.0271101507944547,0.132294365807543
1991,18399600,"castlereagh",-0.346352796993877,0.0271101507944547
1992,4138200,"castlereagh",-0.498331375556601,-0.346352796993877
1993,10336500,"castlereagh",-0.432278335637285,-0.498331375556601
1994,5370300,"castlereagh",-0.485201331756755,-0.432278335637285
1995,13450500,"castlereagh",-0.39909356460188,-0.485201331756755
1996,14159700,"castlereagh",-0.391535876863181,-0.39909356460188
1997,4711500,"castlereagh",-0.492221924935343,-0.391535876863181
1998,194055300,"castlereagh",1.5255464276573,-0.492221924935343
1999,28264500,"castlereagh",-0.241226127826515,1.5255464276573
2000,48260700,"castlereagh",-0.0281338611026354,-0.241226127826515
2001,5665500,"castlereagh",-0.482055492190392,-0.0281338611026354
2002,950400,"castlereagh",-0.532302606483597,-0.482055492190392
2003,16877700,"castlereagh",-0.36257113451436,-0.532302606483597
2004,12948300,"castlereagh",-0.404445328254411,-0.36257113451436
2005,14264100,"castlereagh",-0.390423323845809,-0.404445328254411
2006,3450600,"castlereagh",-0.505658879912396,-0.390423323845809
2007,29592900,"castlereagh",-0.227069849777886,-0.505658879912396
2008,13365000,"castlereagh",-0.400004707159211,-0.227069849777886
2009,66924900,"castlereagh",0.170763763675464,-0.400004707159211
2010,211935600,"castlereagh",1.71609031383082,0.170763763675464
2011,7227000,"castlereagh",-0.465415151801252,1.71609031383082
2012,11952000,"castlereagh",-0.415062536790883,-0.465415151801252
2013,4533300,"castlereagh",-0.494120937844306,-0.415062536790883
2014,2231100,"castlereagh",-0.518654650072215,-0.494120937844306
2015,21150900,"castlereagh",-0.317033188596411,-0.518654650072215
2016,261164700,"castlereagh",2.24070701639313,-0.317033188596411
2017,3741300,"castlereagh",-0.502560995217472,2.24070701639313
2018,1187100,"castlereagh",-0.529780180245934,-0.502560995217472
2019,16472700,"castlereagh",-0.36688707294382,-0.529780180245934
2020,73345500,"castlereagh",0.23918577424384,-0.36688707294382
2021,197065800,"castlereagh",1.55762823664962,0.23918577424384
2022,458963100,"castlereagh",4.34857298144433,1.55762823664962
2023,9248400,"castlereagh",-0.443873823551102,4.34857298144433
2024,15646500,"castlereagh",-0.375691587339919,-0.443873823551102
1987,518002200,"central murray",-0.417315049997394,NA
1988,609128100,"central murray",-0.17170554962991,-0.417315049997394
1989,681104700,"central murray",0.0222912917088343,-0.17170554962991
1990,1428607800,"central murray",2.03701885998685,0.0222912917088343
1991,609084000,"central murray",-0.171824411325281,2.03701885998685
1992,1000962900,"central murray",0.88439759398341,-0.171824411325281
1993,1153584000,"central murray",1.29575366417351,0.88439759398341
1994,501030900,"central murray",-0.463057396724139,1.29575366417351
1995,958615200,"central murray",0.770258831691766,-0.463057396724139
1996,1027120500,"central murray",0.954899559580595,0.770258831691766
1997,646336800,"central murray",-0.0714178134723124,0.954899559580595
1998,754813800,"central murray",0.220957699651438,-0.0714178134723124
1999,701451900,"central murray",0.0771326225036717,0.220957699651438
2000,959832000,"central murray",0.773538444184451,0.0771326225036717
2001,560050200,"central murray",-0.303984062084496,0.773538444184451
2002,276939000,"central murray",-1.06704703737954,-0.303984062084496
2003,548474400,"central murray",-0.335184044244934,-1.06704703737954
2004,451813500,"central murray",-0.595711900255918,-0.335184044244934
2005,549271800,"central murray",-0.333034830732716,-0.595711900255918
2006,273583800,"central murray",-1.07609022922328,-0.333034830732716
2007,220437900,"central murray",-1.21933312663861,-1.07609022922328
2008,191486700,"central murray",-1.29736461677522,-1.21933312663861
2009,240573600,"central murray",-1.16506184683178,-1.29736461677522
2010,949980600,"central murray",0.746986196887906,-1.16506184683178
2011,718850700,"central murray",0.124027199950849,0.746986196887906
2012,580808700,"central murray",-0.248034164049157,0.124027199950849
2013,711840600,"central murray",0.105133041884634,-0.248034164049157
2014,504042300,"central murray",-0.454940840954521,0.105133041884634
2015,390214800,"central murray",-0.761737431200321,-0.454940840954521
2016,1433068200,"central murray",2.04904087146151,-0.761737431200321
2017,580666500,"central murray",-0.248417432373007,2.04904087146151
2018,352993500,"central murray",-0.86205912784231,-0.248417432373007
2019,282667500,"central murray",-1.05160714572574,-0.86205912784231
2020,416411100,"central murray",-0.691131158401076,-1.05160714572574
2021,599752800,"central murray",-0.196974575766225,-0.691131158401076
2022,1945452600,"central murray",3.43005852374361,-0.196974575766225
2023,788887800,"central murray",0.312796552442156,3.43005852374361
2024,449756100,"central murray",-0.601257162207307,0.312796552442156
1987,143615700,"condamine",-0.742962266203026,NA
1988,1114358400,"condamine",0.329609202273743,-0.742962266203026
1989,807523200,"condamine",-0.0094123335506968,0.329609202273743
1990,2689792200,"condamine",2.0703025336312,-0.0094123335506968
1991,287094600,"condamine",-0.584432746003254,2.0703025336312
1992,153381600,"condamine",-0.732171944829508,-0.584432746003254
1993,282630600,"condamine",-0.589365009758913,-0.732171944829508
1994,305148600,"condamine",-0.564484921217263,-0.589365009758913
1995,507797100,"condamine",-0.340579040462647,-0.564484921217263
1996,714908700,"condamine",-0.111741890360387,-0.340579040462647
1997,415934100,"condamine",-0.4420782665796,-0.111741890360387
1998,1190137500,"condamine",0.413337362750095,-0.4420782665796
1999,658743300,"condamine",-0.173798916960314,0.413337362750095
2000,481572000,"condamine",-0.369555095619126,-0.173798916960314
2001,237796200,"condamine",-0.638902439446795,-0.369555095619126
2002,109801800,"condamine",-0.780323169744126,-0.638902439446795
2003,697731300,"condamine",-0.13072116173952,-0.780323169744126
2004,512630100,"condamine",-0.335239069420734,-0.13072116173952
2005,297053100,"condamine",-0.573429621314471,-0.335239069420734
2006,211538700,"condamine",-0.667914293291824,-0.573429621314471
2007,1033711200,"condamine",0.240502288842882,-0.667914293291824
2008,483712200,"condamine",-0.367190393358853,0.240502288842882
2009,1080857700,"condamine",0.292594352721951,-0.367190393358853
2010,4740566400,"condamine",4.33619842469304,0.292594352721951
2011,1472286600,"condamine",0.725083281124139,4.33619842469304
2012,958848300,"condamine",0.157786435726058,0.725083281124139
2013,658564200,"condamine",-0.173996804155349,0.157786435726058
2014,390428100,"condamine",-0.470259789731892,-0.173996804155349
2015,403344000,"condamine",-0.455989040304985,-0.470259789731892
2016,605437200,"condamine",-0.23269670929578,-0.455989040304985
2017,311212800,"condamine",-0.557784600010483,-0.23269670929578
2018,214083000,"condamine",-0.665103101832701,-0.557784600010483
2019,451976400,"condamine",-0.402255208792732,-0.665103101832701
2020,613787400,"condamine",-0.223470591730255,-0.402255208792732
2021,1399517100,"condamine",0.644680421050795,-0.223470591730255
2022,3091384800,"condamine",2.51402131174965,0.644680421050795
2023,595576800,"condamine",-0.2435914435109,2.51402131174965
2024,685110600,"condamine",-0.144665745337424,-0.2435914435109
1987,428658300,"darling",-0.587649507059446,NA
1988,1181973600,"darling",0.0239013749101916,-0.587649507059446
1989,1411900200,"darling",0.210558694917206,0.0239013749101916
1990,3236524200,"darling",1.69181152021223,0.210558694917206
1991,1161778500,"darling",0.00750673747688176,1.69181152021223
1992,1003378500,"darling",-0.121084384599081,0.00750673747688176
1993,793650600,"darling",-0.291344144647284,-0.121084384599081
1994,505926000,"darling",-0.524922611584516,-0.291344144647284
1995,568120500,"darling",-0.474432330385315,-0.524922611584516
1996,882397800,"darling",-0.219298045978724,-0.474432330385315
1997,647222400,"darling",-0.410216408167255,-0.219298045978724
1998,3491662500,"darling",1.89893601693921,-0.410216408167255
1999,1427599800,"darling",0.223303828630235,1.89893601693921
2000,1282700700,"darling",0.105672907817122,0.223303828630235
2001,704540700,"darling",-0.363684687760143,0.105672907817122
2002,343375200,"darling",-0.656883405563969,-0.363684687760143
2003,302539500,"darling",-0.690034342961428,-0.656883405563969
2004,325649700,"darling",-0.671273190503095,-0.690034342961428
2005,336125700,"darling",-0.662768641293071,-0.671273190503095
2006,212964300,"darling",-0.762752622495384,-0.662768641293071
2007,349729200,"darling",-0.651725148053422,-0.762752622495384
2008,326248200,"darling",-0.670787320638433,-0.651725148053422
2009,609524100,"darling",-0.440820364589959,-0.670787320638433
2010,2667625200,"darling",1.22997212148816,-0.440820364589959
2011,2728372500,"darling",1.27928754743566,1.22997212148816
2012,2017220400,"darling",0.701965284142245,1.27928754743566
2013,983898900,"darling",-0.136898170088923,0.701965284142245
2014,464981400,"darling",-0.558161955378401,-0.136898170088923
2015,255807900,"darling",-0.727971646499338,-0.558161955378401
2016,912880800,"darling",-0.194551561292855,-0.727971646499338
2017,508281300,"darling",-0.523010549275011,-0.194551561292855
2018,241782300,"darling",-0.739357805854064,-0.523010549275011
2019,152276400,"darling",-0.812019826772113,-0.739357805854064
2020,424957500,"darling",-0.59065386327522,-0.812019826772113
2021,1452450600,"darling",0.243478022168652,-0.59065386327522
2022,6499989000,"darling",4.34113349298627,0.243478022168652
2023,1930227300,"darling",0.631343186024401,4.34113349298627
2024,1021259700,"darling",-0.106568200432006,0.631343186024401
1987,236050200,"goulburn",0.104472455740077,NA
1988,270826200,"goulburn",0.73787101308602,0.104472455740077
1989,228101400,"goulburn",-0.040304357367567,0.73787101308602
1990,285371100,"goulburn",1.00278700908156,-0.040304357367567
1991,309200400,"goulburn",1.43680599466253,1.00278700908156
1992,299180700,"goulburn",1.25431049417256,1.43680599466253
1993,318313800,"goulburn",1.60279444682829,1.25431049417256
1994,223727400,"goulburn",-0.119970946102072,1.60279444682829
1995,248335200,"goulburn",0.328227380889459,-0.119970946102072
1996,303793200,"goulburn",1.33832104299238,0.328227380889459
1997,214932600,"goulburn",-0.280156523285938,1.33832104299238
1998,179694900,"goulburn",-0.921964331664967,-0.280156523285938
1999,200700000,"goulburn",-0.539384390415046,-0.921964331664967
2000,221498100,"goulburn",-0.160574678673136,-0.539384390415046
2001,179246700,"goulburn",-0.930127698164923,-0.160574678673136
2002,131968800,"goulburn",-1.79123172549256,-0.930127698164923
2003,218650500,"goulburn",-0.212439922861608,-1.79123172549256
2004,197109000,"goulburn",-0.604789676227942,-0.212439922861608
2005,198666000,"goulburn",-0.576430993406812,-0.604789676227942
2006,137034900,"goulburn",-1.69895945635952,-0.576430993406812
2007,144855900,"goulburn",-1.55651035016552,-1.69895945635952
2008,130612500,"goulburn",-1.81593492492114,-1.55651035016552
2009,145169100,"goulburn",-1.55080582899688,-1.81593492492114
2010,311580900,"goulburn",1.48016363400466,-1.55080582899688
2011,268294500,"goulburn",0.691759466972818,1.48016363400466
2012,251676900,"goulburn",0.389091998990533,0.691759466972818
2013,246110400,"goulburn",0.287705609829439,0.389091998990533
2014,246574800,"goulburn",0.296164037769152,0.287705609829439
2015,180614700,"goulburn",-0.905211398807629,0.296164037769152
2016,270259200,"goulburn",0.72754386269451,-0.905211398807629
2017,243534600,"goulburn",0.240790840908008,0.72754386269451
2018,202001400,"goulburn",-0.515681121421199,0.240790840908008
2019,178987500,"goulburn",-0.934848681201042,-0.515681121421199
2020,240350400,"goulburn",0.182794875693465,-0.934848681201042
2021,221922900,"goulburn",-0.152837512030608,0.182794875693465
2022,332204400,"goulburn",1.85579323911808,-0.152837512030608
2023,288402300,"goulburn",1.05799628292062,1.85579323911808
2024,246388500,"goulburn",0.292770831211942,1.05799628292062
1987,94527000,"gwydir",-0.592045686500007,NA
1988,150894900,"gwydir",-0.332615914370332,-0.592045686500007
1989,183375900,"gwydir",-0.183124121549525,-0.332615914370332
1990,204159600,"gwydir",-0.087468428238057,-0.183124121549525
1991,192488400,"gwydir",-0.141184404112267,-0.087468428238057
1992,92711700,"gwydir",-0.600400492432941,-0.141184404112267
1993,76090500,"gwydir",-0.676898537038501,-0.600400492432941
1994,70170300,"gwydir",-0.704145891241196,-0.676898537038501
1995,170215200,"gwydir",-0.243695429014714,-0.704145891241196
1996,228464100,"gwydir",0.0243915292328738,-0.243695429014714
1997,190517400,"gwydir",-0.150255809661659,0.0243915292328738
1998,346327200,"gwydir",0.566849154503588,-0.150255809661659
1999,209955600,"gwydir",-0.060792696850803,0.566849154503588
2000,348352200,"gwydir",0.576169091711868,-0.060792696850803
2001,198943200,"gwydir",-0.111476586486586,0.576169091711868
2002,102564000,"gwydir",-0.555055891268924,-0.111476586486586
2003,184963500,"gwydir",-0.175817290778234,-0.555055891268924
2004,430074000,"gwydir",0.95228861988352,-0.175817290778234
2005,279028800,"gwydir",0.257112432420776,0.95228861988352
2006,116730900,"gwydir",-0.489853610559799,0.257112432420776
2007,114046200,"gwydir",-0.50220977620082,-0.489853610559799
2008,115767000,"gwydir",-0.49428990067094,-0.50220977620082
2009,99465300,"gwydir",-0.569317466294749,-0.49428990067094
2010,188300700,"gwydir",-0.160458034258989,-0.569317466294749
2011,531723600,"gwydir",1.42012461457327,-0.160458034258989
2012,258660000,"gwydir",0.163366290688427,1.42012461457327
2013,174184200,"gwydir",-0.225428352086486,0.163366290688427
2014,113296500,"gwydir",-0.505660224065041,-0.225428352086486
2015,95919300,"gwydir",-0.585637711895026,-0.505660224065041
2016,202105800,"gwydir",-0.09692091566441,-0.585637711895026
2017,113602500,"gwydir",-0.504251877998012,-0.09692091566441
2018,70163100,"gwydir",-0.704179028795714,-0.504251877998012
2019,73275300,"gwydir",-0.689855320855167,-0.704179028795714
2020,137262600,"gwydir",-0.395357731656472,-0.689855320855167
2021,745242300,"gwydir",2.40283122039723,-0.395357731656472
2022,1242762300,"gwydir",4.6926362376137,2.40283122039723
2023,167444100,"gwydir",-0.256449245309956,4.6926362376137
2024,166472100,"gwydir",-0.26092281516993,-0.256449245309956
1987,4141800,"kiewa",-0.794423783451667,NA
1988,4503600,"kiewa",-0.653195353980736,-0.794423783451667
1989,3818700,"kiewa",-0.920545689372225,-0.653195353980736
1990,9238500,"kiewa",1.19507023668237,-0.920545689372225
1991,5092200,"kiewa",-0.423435670214593,1.19507023668237
1992,5673600,"kiewa",-0.196486502457823,-0.423435670214593
1993,7450200,"kiewa",0.497008322854661,-0.196486502457823
1994,4578300,"kiewa",-0.624036250383504,0.497008322854661
1995,5177700,"kiewa",-0.390060792603304,-0.624036250383504
1996,15785100,"kiewa",3.75053191820365,-0.390060792603304
1997,5058900,"kiewa",-0.436434306757938,3.75053191820365
1998,5565600,"kiewa",-0.2386442425984,-0.436434306757938
1999,5633100,"kiewa",-0.212295655010539,-0.2386442425984
2000,6787800,"kiewa",0.238440849992458,-0.212295655010539
2001,4615200,"kiewa",-0.609632355835473,0.238440849992458
2002,4288500,"kiewa",-0.737159519760717,-0.609632355835473
2003,5196600,"kiewa",-0.382683188078703,-0.737159519760717
2004,5127300,"kiewa",-0.409734404668906,-0.382683188078703
2005,6815700,"kiewa",0.249331599528774,-0.409734404668906
2006,4309200,"kiewa",-0.729079286233773,0.249331599528774
2007,4197600,"kiewa",-0.772642284379036,-0.729079286233773
2008,4014000,"kiewa",-0.844310442618016,-0.772642284379036
2009,4238100,"kiewa",-0.75683313182632,-0.844310442618016
2010,8467200,"kiewa",0.893993709178423,-0.75683313182632
2011,5047200,"kiewa",-0.441001395273167,0.893993709178423
2012,3924900,"kiewa",-0.879090578233992,-0.441001395273167
2013,6737400,"kiewa",0.218767237926856,-0.879090578233992
2014,6298200,"kiewa",0.0473257613551778,0.218767237926856
2015,5773500,"kiewa",-0.15749059282779,0.0473257613551778
2016,10212300,"kiewa",1.57519252694991,-0.15749059282779
2017,6031800,"kiewa",-0.0566633309915776,1.57519252694991
2018,4992300,"kiewa",-0.462431579844627,-0.0566633309915776
2019,6100200,"kiewa",-0.0299634289025458,-0.462431579844627
2020,5473800,"kiewa",-0.27447832171789,-0.0299634289025458
2021,8413200,"kiewa",0.872914839108135,-0.27447832171789
2022,13881600,"kiewa",3.00750174822599,0.872914839108135
2023,6630300,"kiewa",0.176960812287451,3.00750174822599
2024,5433300,"kiewa",-0.290287474270606,0.176960812287451
1987,229193100,"lachlan",-0.426500342790035,NA
1988,357907500,"lachlan",-0.285401524588504,-0.426500342790035
1989,676324800,"lachlan",0.0636526971995978,-0.285401524588504
1990,2850246000,"lachlan",2.44674046502709,0.0636526971995978
1991,468151200,"lachlan",-0.164550588064198,2.44674046502709
1992,351576900,"lachlan",-0.292341231245308,-0.164550588064198
1993,701368200,"lachlan",0.0911056794902213,-0.292341231245308
1994,352386000,"lachlan",-0.291454282669183,0.0911056794902213
1995,303954300,"lachlan",-0.344545899718177,-0.291454282669183
1996,343080900,"lachlan",-0.301654684591944,-0.344545899718177
1997,202261500,"lachlan",-0.456023200623163,-0.301654684591944
1998,767832300,"lachlan",0.163964706629596,-0.456023200623163
1999,428339700,"lachlan",-0.20819260170704,0.163964706629596
2000,416080800,"lachlan",-0.221631007219172,-0.20819260170704
2001,210221100,"lachlan",-0.447297757678497,-0.221631007219172
2002,90179100,"lachlan",-0.578889749985094,-0.447297757678497
2003,81333000,"lachlan",-0.588586988644424,-0.578889749985094
2004,53501400,"lachlan",-0.61909644111173,-0.588586988644424
2005,198959400,"lachlan",-0.45964301633596,-0.61909644111173
2006,71366400,"lachlan",-0.599512537623306,-0.45964301633596
2007,101841300,"lachlan",-0.566105456715421,-0.599512537623306
2008,64481400,"lachlan",-0.607059986574764,-0.566105456715421
2009,121046400,"lachlan",-0.545052513816707,-0.607059986574764
2010,630651600,"lachlan",0.0135849927043574,-0.545052513816707
2011,526494600,"lachlan",-0.100593604309006,0.0135849927043574
2012,877538700,"lachlan",0.284226646157299,-0.100593604309006
2013,340813800,"lachlan",-0.304139916475437,0.284226646157299
2014,174859200,"lachlan",-0.486062047449966,-0.304139916475437
2015,266900400,"lachlan",-0.3851649874019,-0.486062047449966
2016,2087027100,"lachlan",1.61008749675724,-0.3851649874019
2017,431735400,"lachlan",-0.204470180152288,1.61008749675724
2018,190713600,"lachlan",-0.468682196374295,-0.204470180152288
2019,102873600,"lachlan",-0.56497383267002,-0.468682196374295
2020,502209000,"lachlan",-0.127215873917652,-0.56497383267002
2021,1335004200,"lachlan",0.785707765736558,-0.127215873917652
2022,4960108800,"lachlan",4.75960637317236,0.785707765736558
2023,973454400,"lachlan",0.389370996105499,4.75960637317236
2024,651824100,"lachlan",0.0367946314733834,0.389370996105499
1987,146260800,"loddon",-0.217111291297367,NA
1988,215607600,"loddon",0.550106422808675,-0.217111291297367
1989,222949800,"loddon",0.631336788168135,0.550106422808675
1990,160912800,"loddon",-0.0550090176945228,0.631336788168135
1991,154974600,"loddon",-0.120706241357396,-0.0550090176945228
1992,192406500,"loddon",0.293421256272574,-0.120706241357396
1993,207716400,"loddon",0.462802200760165,0.293421256272574
1994,139159800,"loddon",-0.29567314257049,0.462802200760165
1995,219803400,"loddon",0.596526619340399,-0.29567314257049
1996,182100600,"loddon",0.179402021934357,0.596526619340399
1997,134951400,"loddon",-0.342232739091799,0.179402021934357
1998,128603700,"loddon",-0.412460462416176,-0.342232739091799
1999,131325300,"loddon",-0.382350064665869,-0.412460462416176
2000,150391800,"loddon",-0.171408008997794,-0.382350064665869
2001,124335000,"loddon",-0.459687187459069,-0.171408008997794
2002,106987500,"loddon",-0.651611101690937,-0.459687187459069
2003,115703100,"loddon",-0.555186137466739,-0.651611101690937
2004,114524100,"loddon",-0.568229993635027,-0.555186137466739
2005,113413500,"loddon",-0.580517107002712,-0.568229993635027
2006,107726400,"loddon",-0.643436288016003,-0.580517107002712
2007,103041000,"loddon",-0.695273169857306,-0.643436288016003
2008,77967900,"loddon",-0.972669191988856,-0.695273169857306
2009,79314300,"loddon",-0.957773307387514,-0.972669191988856
2010,593131500,"loddon",4.72683878217346,-0.957773307387514
2011,214558200,"loddon",0.538496395104688,4.72683878217346
2012,161475300,"loddon",-0.0487858038737748,0.538496395104688
2013,142916400,"loddon",-0.254112031390007,-0.0487858038737748
2014,129510900,"loddon",-0.402423663166074,-0.254112031390007
2015,112369500,"loddon",-0.59206739185402,-0.402423663166074
2016,197664300,"loddon",0.35159088049787,-0.59206739185402
2017,153108900,"loddon",-0.141347396958053,0.35159088049787
2018,122979600,"loddon",-0.474682643481543,-0.141347396958053
2019,125997300,"loddon",-0.441296345975994,-0.474682643481543
2020,126561600,"loddon",-0.43505321787102,-0.441296345975994
2021,140370300,"loddon",-0.282280786428241,-0.43505321787102
2022,394188300,"loddon",2.52583243233553,-0.282280786428241
2023,205007400,"loddon",0.432831202999443,2.52583243233553
2024,153610200,"loddon",-0.135801268801002,0.432831202999443
1987,1416758400,"lower murray",-0.79404032707322,NA
1988,1568193300,"lower murray",-0.288979527129949,-0.79404032707322
1989,1953493200,"lower murray",0.996060286757489,-0.288979527129949
1990,2153901600,"lower murray",1.66445592619959,0.996060286757489
1991,1539369000,"lower murray",-0.385113403903432,1.66445592619959
1992,1852691400,"lower murray",0.659869370768363,-0.385113403903432
1993,2054563200,"lower murray",1.33314569474644,0.659869370768363
1994,1542938400,"lower murray",-0.373208856013101,1.33314569474644
1995,1618862400,"lower murray",-0.119989577135557,-0.373208856013101
1996,1455561000,"lower murray",-0.664627145594718,-0.119989577135557
1997,1507032000,"lower murray",-0.492962724553861,-0.664627145594718
1998,1540431900,"lower murray",-0.381568454065187,-0.492962724553861
1999,1547379000,"lower murray",-0.358398709948831,-0.381568454065187
2000,1582855200,"lower murray",-0.240079630589004,-0.358398709948831
2001,1512181800,"lower murray",-0.475787277496757,-0.240079630589004
2002,1455739200,"lower murray",-0.664032818695504,-0.475787277496757
2003,1536378300,"lower murray",-0.395087890196819,-0.664032818695504
2004,1515113100,"lower murray",-0.466010900169775,-0.395087890196819
2005,1566993600,"lower murray",-0.292980727921126,-0.466010900169775
2006,1490166000,"lower murray",-0.54921366440883,-0.292980727921126
2007,1472523300,"lower murray",-0.608055029082093,-0.54921366440883
2008,1304095500,"lower murray",-1.1697900016722,-0.608055029082093
2009,1349012700,"lower murray",-1.01998360325802,-1.1697900016722
2010,2077317900,"lower murray",1.40903643713455,-1.01998360325802
2011,1895517000,"lower murray",0.802699932244288,1.40903643713455
2012,1613873700,"lower murray",-0.136627728662563,0.802699932244288
2013,1603124100,"lower murray",-0.172479448279839,-0.136627728662563
2014,1610417700,"lower murray",-0.148154068526122,-0.172479448279839
2015,1561556700,"lower murray",-0.311113701649188,-0.148154068526122
2016,1816510500,"lower murray",0.539199998670732,-0.311113701649188
2017,1606277700,"lower murray",-0.161961663154342,0.539199998670732
2018,1528825500,"lower murray",-0.420277745440303,-0.161961663154342
2019,1520781300,"lower murray",-0.447106502133137,-0.420277745440303
2020,1561447800,"lower murray",-0.31147690142093,-0.447106502133137
2021,1642929300,"lower murray",-0.0397224275805028,-0.31147690142093
2022,3029311800,"lower murray",4.58409582354492,-0.0397224275805028
2023,1729308600,"lower murray",0.248367031035311,4.58409582354492
2024,1550466900,"lower murray",-0.348100045346782,0.248367031035311
1987,118549800,"macquarie",-0.475466019774032,NA
1988,209112300,"macquarie",-0.324756187616428,-0.475466019774032
1989,534841200,"macquarie",0.217306452525807,-0.324756187616428
1990,1485016200,"macquarie",1.79854277849242,0.217306452525807
1991,221675400,"macquarie",-0.303849270378286,1.79854277849242
1992,161039700,"macquarie",-0.404756336434974,-0.303849270378286
1993,189323100,"macquarie",-0.357688438940466,-0.404756336434974
1994,182412900,"macquarie",-0.369188067177049,-0.357688438940466
1995,120997800,"macquarie",-0.471392173876206,-0.369188067177049
1996,283336200,"macquarie",-0.201236281351883,-0.471392173876206
1997,123552000,"macquarie",-0.467141594957814,-0.201236281351883
1998,1195707600,"macquarie",1.31708908024258,-0.467141594957814
1999,250439400,"macquarie",-0.255981581078837,1.31708908024258
2000,344225700,"macquarie",-0.0999068533307876,-0.255981581078837
2001,204957000,"macquarie",-0.331671241480494,-0.0999068533307876
2002,118315800,"macquarie",-0.475855431514265,-0.331671241480494
2003,142167600,"macquarie",-0.436162393284791,-0.475855431514265
2004,123072300,"macquarie",-0.467939889025292,-0.436162393284791
2005,148140900,"macquarie",-0.426221909746605,-0.467939889025292
2006,90293400,"macquarie",-0.522488985144667,-0.426221909746605
2007,264917700,"macquarie",-0.231887478520632,-0.522488985144667
2008,120143700,"macquarie",-0.472813526728058,-0.231887478520632
2009,162736200,"macquarie",-0.401933101318283,-0.472813526728058
2010,770235300,"macquarie",0.609038188088433,-0.401933101318283
2011,225354600,"macquarie",-0.297726519631848,0.609038188088433
2012,268353000,"macquarie",-0.226170614626515,-0.297726519631848
2013,166718700,"macquarie",-0.395305613047004,-0.226170614626515
2014,132057000,"macquarie",-0.452987975937795,-0.395305613047004
2015,228402900,"macquarie",-0.292653682846578,-0.452987975937795
2016,1811157300,"macquarie",2.34129138239245,-0.292653682846578
2017,191059200,"macquarie",-0.354799303375428,2.34129138239245
2018,107640000,"macquarie",-0.493621593293679,-0.354799303375428
2019,106790400,"macquarie",-0.495035457458218,-0.493621593293679
2020,366342300,"macquarie",-0.0631014529288898,-0.495035457458218
2021,498367800,"macquarie",0.156609144123133,-0.0631014529288898
2022,3204303300,"macquarie",4.65969910999536,0.156609144123133
2023,245273400,"macquarie",-0.264578594113219,4.65969910999536
2024,244864800,"macquarie",-0.265258566921165,-0.264578594113219
1987,121426200,"mitta mitta",0.157578127977354,NA
1988,121754700,"mitta mitta",0.176167345279189,0.157578127977354
1989,127519200,"mitta mitta",0.502369911904534,0.176167345279189
1990,134050500,"mitta mitta",0.871964295354984,0.502369911904534
1991,130815000,"mitta mitta",0.68887323727253,0.871964295354984
1992,137088000,"mitta mitta",1.04385089369387,0.68887323727253
1993,136429200,"mitta mitta",1.00657060036526,1.04385089369387
1994,121932900,"mitta mitta",0.186251359048403,1.00657060036526
1995,127341900,"mitta mitta",0.492336827497791,0.186251359048403
1996,129334500,"mitta mitta",0.605094436008097,0.492336827497791
1997,110844000,"mitta mitta",-0.441249315954076,0.605094436008097
1998,110020500,"mitta mitta",-0.487849682614839,-0.441249315954076
1999,112554000,"mitta mitta",-0.344483527259594,-0.487849682614839
2000,133238700,"mitta mitta",0.826026010406341,-0.344483527259594
2001,117685800,"mitta mitta",-0.0540843024512069,0.826026010406341
2002,96264900,"mitta mitta",-1.26625405861824,-0.0540843024512069
2003,107867700,"mitta mitta",-0.609672717644945,-1.26625405861824
2004,101546100,"mitta mitta",-0.967400559639703,-0.609672717644945
2005,127399500,"mitta mitta",0.495596306695921,-0.967400559639703
2006,91105200,"mitta mitta",-1.55823209366322,0.495596306695921
2007,67986900,"mitta mitta",-2.86645462745014,-1.55823209366322
2008,75276000,"mitta mitta",-2.4539777207993,-2.86645462745014
2009,83634300,"mitta mitta",-1.98099673153316,-2.4539777207993
2010,126336600,"mitta mitta",0.43544872961793,-1.98099673153316
2011,127159200,"mitta mitta",0.481998166916222,0.43544872961793
2012,132929100,"mitta mitta",0.808506309716392,0.481998166916222
2013,133831800,"mitta mitta",0.859588460274585,0.808506309716392
2014,122722200,"mitta mitta",0.230916409935277,0.859588460274585
2015,108419400,"mitta mitta",-0.578453018450357,0.230916409935277
2016,134413200,"mitta mitta",0.892488828430708,-0.578453018450357
2017,127629900,"mitta mitta",0.50863422348844,0.892488828430708
2018,111944700,"mitta mitta",-0.378962705652312,0.50863422348844
2019,105544800,"mitta mitta",-0.741121402182028,-0.378962705652312
2020,116365500,"mitta mitta",-0.128797677195841,-0.741121402182028
2021,136683000,"mitta mitta",1.02093268058202,-0.128797677195841
2022,140598900,"mitta mitta",1.24252633669238,1.02093268058202
2023,137146500,"mitta mitta",1.04716130225447,1.24252633669238
2024,123538500,"mitta mitta",0.277109341696275,1.04716130225447
1987,569120400,"murrumbidgee",-0.548219372467602,NA
1988,1075752900,"murrumbidgee",0.541513317308494,-0.548219372467602
1989,1098863100,"murrumbidgee",0.591221814902437,0.541513317308494
1990,1342053000,"murrumbidgee",1.11430705687444,0.591221814902437
1991,763489800,"murrumbidgee",-0.130143767226789,1.11430705687444
1992,930293100,"murrumbidgee",0.228638996951444,-0.130143767226789
1993,744904800,"murrumbidgee",-0.170118861677873,0.228638996951444
1994,741601800,"murrumbidgee",-0.177223394202594,-0.170118861677873
1995,1038131100,"murrumbidgee",0.46059133676398,-0.177223394202594
1996,1127718000,"murrumbidgee",0.653286778737604,0.46059133676398
1997,811620900,"murrumbidgee",-0.0266169838781447,0.653286778737604
1998,1081593900,"murrumbidgee",0.554076918421692,-0.0266169838781447
1999,1219956300,"murrumbidgee",0.851685205130255,0.554076918421692
2000,1121918400,"murrumbidgee",0.640812226260956,0.851685205130255
2001,792775800,"murrumbidgee",-0.0671515360675512,0.640812226260956
2002,338206500,"murrumbidgee",-1.04489975786271,-0.0671515360675512
2003,553373100,"murrumbidgee",-0.582090763635186,-1.04489975786271
2004,384314400,"murrumbidgee",-0.945724742665449,-0.582090763635186
2005,719940600,"murrumbidgee",-0.2238151895173,-0.945724742665449
2006,333445500,"murrumbidgee",-1.05514035106592,-0.2238151895173
2007,243442800,"murrumbidgee",-1.24873015108489,-1.05514035106592
2008,213006600,"murrumbidgee",-1.31419638566827,-1.24873015108489
2009,298895400,"murrumbidgee",-1.12945530994644,-1.31419638566827
2010,1326717900,"murrumbidgee",1.0813222803925,-1.12945530994644
2011,881287200,"murrumbidgee",0.123230577195707,1.0813222803925
2012,864873900,"murrumbidgee",0.0879266644836292,0.123230577195707
2013,600075000,"murrumbidgee",-0.481638094087428,0.0879266644836292
2014,601020000,"murrumbidgee",-0.479605462166187,-0.481638094087428
2015,556387200,"murrumbidgee",-0.575607635726388,-0.479605462166187
2016,1989074700,"murrumbidgee",2.50600754487018,-0.575607635726388
2017,635661900,"murrumbidgee",-0.405093047613322,2.50600754487018
2018,318999600,"murrumbidgee",-1.08621251770197,-0.405093047613322
2019,271087200,"murrumbidgee",-1.18926889194884,-1.08621251770197
2020,596808900,"murrumbidgee",-0.488663257175224,-1.18926889194884
2021,1091844900,"murrumbidgee",0.57612613516735,-0.488663257175224
2022,2495239200,"murrumbidgee",3.59473359788528,0.57612613516735
2023,787730400,"murrumbidgee",-0.0780038546870561,3.59473359788528
2024,750603600,"murrumbidgee",-0.157861123272824,-0.0780038546870561
1987,84775500,"namoi",-0.704732351994713,NA
1988,138048300,"namoi",-0.491553617798548,-0.704732351994713
1989,250035300,"namoi",-0.0434216084724764,-0.491553617798548
1990,374261400,"namoi",0.453686911299832,-0.0434216084724764
1991,415516500,"namoi",0.618775098838993,0.453686911299832
1992,151452900,"namoi",-0.437913192282977,0.618775098838993
1993,191628900,"namoi",-0.27714317784662,-0.437913192282977
1994,113630400,"namoi",-0.589265339610214,-0.27714317784662
1995,123876000,"namoi",-0.548266104745889,-0.589265339610214
1996,208841400,"namoi",-0.208264895452012,-0.548266104745889
1997,201525300,"namoi",-0.237541316763686,-0.208264895452012
1998,654755400,"namoi",1.57612379972355,-0.237541316763686
1999,254258100,"namoi",-0.0265234698583324,1.57612379972355
2000,262899000,"namoi",0.00805432827346547,-0.0265234698583324
2001,223625700,"namoi",-0.149103402908418,0.00805432827346547
2002,148338900,"namoi",-0.450374308993322,-0.149103402908418
2003,129810600,"namoi",-0.524517953419873,-0.450374308993322
2004,221441400,"namoi",-0.15784419199975,-0.524517953419873
2005,223365600,"namoi",-0.150144230286826,-0.15784419199975
2006,87012900,"namoi",-0.695779075653118,-0.150144230286826
2007,126695700,"namoi",-0.536982671609036,-0.695779075653118
2008,161429400,"namoi",-0.397990799585239,-0.536982671609036
2009,186306300,"namoi",-0.298442323576383,-0.397990799585239
2010,770519700,"namoi",2.03937121564885,-0.298442323576383
2011,222714900,"namoi",-0.152748099472253,2.03937121564885
2012,236103300,"namoi",-0.0991725005754064,-0.152748099472253
2013,183245400,"namoi",-0.310690953036465,-0.0991725005754064
2014,95050800,"namoi",-0.663614268329393,-0.310690953036465
2015,88646400,"namoi",-0.689242391598414,-0.663614268329393
2016,321022800,"namoi",0.240645033298752,-0.689242391598414
2017,148068000,"namoi",-0.451458354117545,0.240645033298752
2018,58813200,"namoi",-0.808624211458099,-0.451458354117545
2019,85006800,"namoi",-0.703806771938482,-0.808624211458099
2020,176960700,"namoi",-0.33584007962269,-0.703806771938482
2021,674346600,"namoi",1.65452079063418,-0.33584007962269
2022,1409485500,"namoi",4.59628432024707,1.65452079063418
2023,237261600,"namoi",-0.0945373973366163,4.59628432024707
2024,272900700,"namoi",0.0480775623781077,-0.0945373973366163
1987,18001800,"ovens",-0.813434569913522,NA
1988,21772800,"ovens",-0.370808471263354,-0.813434569913522
1989,18190800,"ovens",-0.7912504456375,-0.370808471263354
1990,38098800,"ovens",1.54547731143689,-0.7912504456375
1991,21029400,"ovens",-0.458066026749044,1.54547731143689
1992,27914400,"ovens",0.350069929020356,-0.458066026749044
1993,23953500,"ovens",-0.114845932592864,0.350069929020356
1994,17608500,"ovens",-0.859598676145055,-0.114845932592864
1995,30132900,"ovens",0.610469292546051,-0.859598676145055
1996,35773200,"ovens",1.27250694415479,0.610469292546051
1997,17358300,"ovens",-0.888966231139028,1.27250694415479
1998,19323000,"ovens",-0.658356977355421,-0.888966231139028
1999,25840800,"ovens",0.106678394106278,-0.658356977355421
2000,26244900,"ovens",0.154110164582155,0.106678394106278
2001,19025100,"ovens",-0.693323382761914,0.154110164582155
2002,15436800,"ovens",-1.11450482794526,-0.693323382761914
2003,23103000,"ovens",-0.214674491834966,-1.11450482794526
2004,23350500,"ovens",-0.185623852902079,-0.214674491834966
2005,31224600,"ovens",0.738609019911839,-0.185623852902079
2006,16827300,"ovens",-0.951293056485949,0.738609019911839
2007,16642800,"ovens",-0.972948987326829,-0.951293056485949
2008,14127300,"ovens",-1.26820911757199,-0.972948987326829
2009,15348600,"ovens",-1.12485741927407,-1.26820911757199
2010,31506300,"ovens",0.771673928951816,-1.12485741927407
2011,24165000,"ovens",-0.0900208411411239,0.771673928951816
2012,20773800,"ovens",-0.488067413865189,-0.0900208411411239
2013,28326600,"ovens",0.398452447679491,-0.488067413865189
2014,25192800,"ovens",0.0306185394456283,0.398452447679491
2015,27124200,"ovens",0.257319161809175,0.0306185394456283
2016,56374200,"ovens",3.69057649024126,0.257319161809175
2017,21618900,"ovens",-0.388872686745259,3.69057649024126
2018,20596500,"ovens",-0.508878235209839,-0.388872686745259
2019,21303900,"ovens",-0.425846227205297,-0.508878235209839
2020,30764700,"ovens",0.684627650840184,-0.425846227205297
2021,29172600,"ovens",0.49775281348645,0.684627650840184
2022,44478000,"ovens",2.29424432509618,0.49775281348645
2023,29175300,"ovens",0.498069729547536,2.29424432509618
2024,20511900,"ovens",-0.518808271790535,0.498069729547536
1987,438360300,"paroo",-0.688184866292911,NA
1988,1354152600,"paroo",0.244246434204531,-0.688184866292911
1989,2014999200,"paroo",0.91709993457499,0.244246434204531
1990,4500941400,"paroo",3.44820913751049,0.91709993457499
1991,509369400,"paroo",-0.615885604265754,3.44820913751049
1992,664236000,"paroo",-0.458205238049946,-0.615885604265754
1993,526855500,"paroo",-0.598081799883878,-0.458205238049946
1994,647925300,"paroo",-0.474812286627471,-0.598081799883878
1995,491662800,"paroo",-0.633913914904954,-0.474812286627471
1996,796009500,"paroo",-0.324037549616553,-0.633913914904954
1997,1044909900,"paroo",-0.0706148863485464,-0.324037549616553
1998,2666461500,"paroo",1.58039863190413,-0.0706148863485464
1999,1425762900,"paroo",0.317157819414925,1.58039863190413
2000,2296965600,"paroo",1.20418937292098,0.317157819414925
2001,423554400,"paroo",-0.703259774208205,1.20418937292098
2002,121635000,"paroo",-1.01066473796189,-0.703259774208205
2003,360644400,"paroo",-0.767312783951019,-1.01066473796189
2004,351381600,"paroo",-0.776743879462793,-0.767312783951019
2005,265036500,"paroo",-0.864657780774894,-0.776743879462793
2006,265008600,"paroo",-0.864686187689086,-0.864657780774894
2007,2635021800,"paroo",1.54838770501792,-0.864686187689086
2008,575503200,"paroo",-0.548550221405647,1.54838770501792
2009,2116795500,"paroo",1.02074576823709,-0.548550221405647
2010,2824749900,"paroo",1.74156296869278,1.02074576823709
2011,1483465500,"paroo",0.375908816076595,1.74156296869278
2012,1430122500,"paroo",0.321596628845457,0.375908816076595
2013,435207600,"paroo",-0.691394847596617,0.321596628845457
2014,381969000,"paroo",-0.745600737987553,-0.691394847596617
2015,487288800,"paroo",-0.638367385968618,-0.745600737987553
2016,877803300,"paroo",-0.240757640726046,-0.638367385968618
2017,104544000,"paroo",-1.02806626378473,-0.240757640726046
2018,30002400,"paroo",-1.10396220768943,-1.02806626378473
2019,835459200,"paroo",-0.283871089301006,-1.10396220768943
2020,1838441700,"paroo",0.737334567102936,-0.283871089301006
2021,1158325200,"paroo",0.0448610525464493,0.737334567102936
2022,2522218500,"paroo",1.43353488553101,0.0448610525464493
2023,687272400,"paroo",-0.434750290447985,1.43353488553101
2024,751995000,"paroo",-0.368851747634755,-0.434750290447985
1987,106497000,"upper murray",-0.158315231295142,NA
1988,115199100,"upper murray",0.180009439141973,-0.158315231295142
1989,128780100,"upper murray",0.708018465607593,0.180009439141973
1990,128250900,"upper murray",0.687443958810921,0.708018465607593
1991,131813100,"upper murray",0.825936982452466,0.687443958810921
1992,152118000,"upper murray",1.6153612134724,0.825936982452466
1993,132756300,"upper murray",0.862607191845174,1.6153612134724
1994,108316800,"upper murray",-0.0875641211882182,0.862607191845174
1995,120472200,"upper murray",0.385019703294529,-0.0875641211882182
1996,152539200,"upper murray",1.63173684133098,0.385019703294529
1997,91999800,"upper murray",-0.721944747418946,1.63173684133098
1998,91962900,"upper murray",-0.723379364389462,-0.721944747418946
1999,119642400,"upper murray",0.352758316786822,-0.723379364389462
2000,144312300,"upper murray",1.31188723822149,0.352758316786822
2001,99667800,"upper murray",-0.423824342814103,1.31188723822149
2002,68697000,"upper murray",-1.62792285962887,-0.423824342814103
2003,100272600,"upper murray",-0.400310620760763,-1.62792285962887
2004,89777700,"upper murray",-0.808336681570279,-0.400310620760763
2005,121654800,"upper murray",0.430997427666684,-0.808336681570279
2006,52018200,"upper murray",-2.27636973030222,0.430997427666684
2007,58606200,"upper murray",-2.02023811507835,-2.27636973030222
2008,66554100,"upper murray",-1.71123561589227,-2.02023811507835
2009,71724600,"upper murray",-1.51021428673091,-1.71123561589227
2010,129561300,"upper murray",0.738390356593157,-1.51021428673091
2011,125397000,"upper murray",0.576488582871724,0.738390356593157
2012,120267900,"upper murray",0.377076823969963,0.576488582871724
2013,126017100,"upper murray",0.60059714610796,0.377076823969963
2014,112535100,"upper murray",0.0764370920022628,0.60059714610796
2015,83283300,"upper murray",-1.06082926838114,0.0764370920022628
2016,133530300,"upper murray",0.892699157568198,-1.06082926838114
2017,119810700,"upper murray",0.359301569798689,0.892699157568198
2018,85619700,"upper murray",-0.969993520686989,0.359301569798689
2019,91200600,"upper murray",-0.753016451560859,-0.969993520686989
2020,107407800,"upper murray",-0.122904685583863,-0.753016451560859
2021,138046500,"upper murray",1.06828227849626,-0.122904685583863
2022,135207900,"upper murray",0.957921743739962,1.06828227849626
2023,134507700,"upper murray",0.930699011957971,0.957921743739962
2024,105597900,"upper murray",-0.193270898454794,0.930699011957971
1987,64305000,"warrego",-0.62493497322464,NA
1988,225616500,"warrego",-0.159044658580907,-0.62493497322464
1989,645349500,"warrego",1.05320331776522,-0.159044658580907
1990,1841351400,"warrego",4.50742512777568,1.05320331776522
1991,99638100,"warrego",-0.522888007717913,4.50742512777568
1992,56645100,"warrego",-0.647057842462975,-0.522888007717913
1993,156315600,"warrego",-0.359195411044891,-0.647057842462975
1994,150047100,"warrego",-0.377299721260494,-0.359195411044891
1995,94234500,"warrego",-0.538494365009296,-0.377299721260494
1996,268597800,"warrego",-0.0349086150824791,-0.538494365009296
1997,122382900,"warrego",-0.457197824262246,-0.0349086150824791
1998,841363200,"warrego",1.61931846992413,-0.457197824262246
1999,267998400,"warrego",-0.0366397666407837,1.61931846992413
2000,354251700,"warrego",0.212471902868584,-0.0366397666407837
2001,112697100,"warrego",-0.485171777821517,0.212471902868584
2002,26368200,"warrego",-0.73450179077067,-0.485171777821517
2003,159591600,"warrego",-0.34973386198749,-0.73450179077067
2004,140454000,"warrego",-0.40500594417336,-0.34973386198749
2005,99529200,"warrego",-0.523202526244272,-0.40500594417336
2006,97478100,"warrego",-0.529126391711803,-0.523202526244272
2007,760030200,"warrego",1.38441731928751,-0.529126391711803
2008,186571800,"warrego",-0.27181124725047,1.38441731928751
2009,348841800,"warrego",0.196847350290552,-0.27181124725047
2010,512928900,"warrego",0.670753988366435,0.196847350290552
2011,247008600,"warrego",-0.0972612631014144,0.670753988366435
2012,164052000,"warrego",-0.336851599040106,-0.0972612631014144
2013,90803700,"warrego",-0.548402998252925,-0.336851599040106
2014,87768900,"warrego",-0.557167927764341,-0.548402998252925
2015,102596400,"warrego",-0.514344020972947,-0.557167927764341
2016,204417900,"warrego",-0.220269198827614,-0.514344020972947
2017,51768900,"warrego",-0.661140994329182,-0.220269198827614
2018,58646700,"warrego",-0.641276939961969,-0.661140994329182
2019,245767500,"warrego",-0.100845734571237,-0.641276939961969
2020,198611100,"warrego",-0.237040054464523,-0.100845734571237
2021,233239500,"warrego",-0.137028361735802,-0.237040054464523
2022,1028498400,"warrego",2.15979126454149,-0.137028361735802
2023,108921600,"warrego",-0.496075953177504,2.15979126454149
2024,211329000,"warrego",-0.200308969373829,-0.496075953177504
1987,247761900,"wimmera",0.238028074681719,NA
1988,400418100,"wimmera",1.3925396193083,0.238028074681719
1989,364251600,"wimmera",1.11901884662604,1.3925396193083
1990,297430200,"wimmera",0.613660546549722,1.11901884662604
1991,315464400,"wimmera",0.750049976511327,0.613660546549722
1992,422061300,"wimmera",1.556223270956,0.750049976511327
1993,391075200,"wimmera",1.32188093718277,1.556223270956
1994,289192500,"wimmera",0.551360294406866,1.32188093718277
1995,362317500,"wimmera",1.10439159415636,0.551360294406866
1996,348606900,"wimmera",1.00070077790548,1.10439159415636
1997,290422800,"wimmera",0.560664833320805,1.00070077790548
1998,198922500,"wimmera",-0.131335574699278,0.560664833320805
1999,223188300,"wimmera",0.0521823318095937,-0.131335574699278
2000,138640500,"wimmera",-0.587237561865076,0.0521823318095937
2001,58329000,"wimmera",-1.19461907611918,-0.587237561865076
2002,35514900,"wimmera",-1.36715803510195,-1.19461907611918
2003,98215200,"wimmera",-0.892966877444744,-1.36715803510195
2004,81369000,"wimmera",-1.02037167582888,-0.892966877444744
2005,58841100,"wimmera",-1.19074615538617,-1.02037167582888
2006,43722000,"wimmera",-1.3050892052876,-1.19074615538617
2007,79892100,"wimmera",-1.03154120644905,-1.3050892052876
2008,34712100,"wimmera",-1.37322946795581,-1.03154120644905
2009,61773300,"wimmera",-1.1685704510836,-1.37322946795581
2010,429199200,"wimmera",1.61020593235063,-1.1685704510836
2011,427302900,"wimmera",1.59586455452204,1.61020593235063
2012,279019800,"wimmera",0.474425983255253,1.59586455452204
2013,237379500,"wimmera",0.159507839925902,0.474425983255253
2014,89608500,"wimmera",-0.958057810607875,0.159507839925902
2015,62872200,"wimmera",-1.16025966687444,-0.958057810607875
2016,304659900,"wimmera",0.668337474929878,-1.16025966687444
2017,234920700,"wimmera",0.140912375176171,0.668337474929878
2018,111726900,"wimmera",-0.790780306329185,0.140912375176171
2019,133849800,"wimmera",-0.623468769355126,-0.790780306329185
2020,87318900,"wimmera",-0.975373646011723,-0.623468769355126
2021,96912900,"wimmera",-0.90281593948459,-0.975373646011723
2022,384799500,"wimmera",1.27441894022088,-0.90281593948459
2023,292794300,"wimmera",0.578600063780373,1.27441894022088
2024,204473700,"wimmera",-0.0893528416918335,0.578600063780373
