"year","inundated_area","wetland_name","wetland_surface_water","wetland_surface_water_lagged"
1987,119150100,"lake hindmarsh",0.717379583266612,NA
1988,133906500,"lake hindmarsh",0.971616610723761,0.717379583266612
1989,132865200,"lake hindmarsh",0.953676122753041,0.971616610723761
1990,131796000,"lake hindmarsh",0.935254947550608,0.953676122753041
1991,127735200,"lake hindmarsh",0.865291696276721,0.935254947550608
1992,136536300,"lake hindmarsh",1.01692525882267,0.865291696276721
1993,136895400,"lake hindmarsh",1.02311216867602,1.01692525882267
1994,135398700,"lake hindmarsh",0.997325624600557,1.02311216867602
1995,132921000,"lake hindmarsh",0.954637497216468,0.997325624600557
1996,135851400,"lake hindmarsh",1.0051251625861,0.954637497216468
1997,134396100,"lake hindmarsh",0.980051896338343,1.0051251625861
1998,116795700,"lake hindmarsh",0.6768157833259,0.980051896338343
1999,119558700,"lake hindmarsh",0.724419325305252,0.6768157833259
2000,80290800,"lake hindmarsh",0.0478753057283507,0.724419325305252
2001,16200,"lake hindmarsh",-1.335170402189,0.0478753057283507
2002,18900,"lake hindmarsh",-1.33512388406981,-1.335170402189
2003,1338300,"lake hindmarsh",-1.31239202982169,-1.33512388406981
2004,100800,"lake hindmarsh",-1.33371283445413,-1.31239202982169
2005,394200,"lake hindmarsh",-1.32865786550128,-1.33371283445413
2006,0,"lake hindmarsh",-1.33544951090419,-1.32865786550128
2007,530100,"lake hindmarsh",-1.32631645350164,-1.33544951090419
2008,0,"lake hindmarsh",-1.33544951090419,-1.32631645350164
2009,712800,"lake hindmarsh",-1.3231687274359,-1.33544951090419
2010,113977800,"lake hindmarsh",0.628266372922855,-1.3231687274359
2011,129311100,"lake hindmarsh",0.892442771848657,0.628266372922855
2012,122018400,"lake hindmarsh",0.766797331894688,0.892442771848657
2013,108712800,"lake hindmarsh",0.537556040486631,0.766797331894688
2014,19669500,"lake hindmarsh",-0.996565012546301,0.537556040486631
2015,1410300,"lake hindmarsh",-1.31115154664307,-0.996565012546301
2016,115145100,"lake hindmarsh",0.648377706456151,-1.31115154664307
2017,97632900,"lake hindmarsh",0.346661185337512,0.648377706456151
2018,20041200,"lake hindmarsh",-0.990161018136701,0.346661185337512
2019,42981300,"lake hindmarsh",-0.594927571390222,-0.990161018136701
2020,11110500,"lake hindmarsh",-1.14402745040416,-0.594927571390222
2021,30464100,"lake hindmarsh",-0.810585571992444,-1.14402745040416
2022,123927300,"lake hindmarsh",0.799685642167719,-0.810585571992444
2023,121806000,"lake hindmarsh",0.763137906517773,0.799685642167719
2024,110040300,"lake hindmarsh",0.560427449092346,0.763137906517773
1987,2677500,"macquarie marshes",-0.429445782219816,NA
1988,7559100,"macquarie marshes",-0.395186140784447,-0.429445782219816
1989,205097400,"macquarie marshes",0.99116082081676,-0.395186140784447
1990,299404800,"macquarie marshes",1.65302121673244,0.99116082081676
1991,7912800,"macquarie marshes",-0.39270383269372,1.65302121673244
1992,2301300,"macquarie marshes",-0.432085997949902,-0.39270383269372
1993,6690600,"macquarie marshes",-0.401281375663712,-0.432085997949902
1994,3440700,"macquarie marshes",-0.424089555092753,-0.401281375663712
1995,1784700,"macquarie marshes",-0.435711557349589,-0.424089555092753
1996,14187600,"macquarie marshes",-0.34866655022923,-0.435711557349589
1997,2168100,"macquarie marshes",-0.433020811174908,-0.34866655022923
1998,206291700,"macquarie marshes",0.999542558313946,-0.433020811174908
1999,8182800,"macquarie marshes",-0.39080894102141,0.999542558313946
2000,27750600,"macquarie marshes",-0.253479825223511,-0.39080894102141
2001,10504800,"macquarie marshes",-0.374512872639542,-0.253479825223511
2002,1069200,"macquarie marshes",-0.440733020281211,-0.374512872639542
2003,3549600,"macquarie marshes",-0.423325282118254,-0.440733020281211
2004,1441800,"macquarie marshes",-0.438118069773423,-0.423325282118254
2005,2687400,"macquarie marshes",-0.429376302858498,-0.438118069773423
2006,935100,"macquarie marshes",-0.441674149811792,-0.429376302858498
2007,6945300,"macquarie marshes",-0.399493861186166,-0.441674149811792
2008,1055700,"macquarie marshes",-0.440827764864827,-0.399493861186166
2009,6768900,"macquarie marshes",-0.400731857078742,-0.440827764864827
2010,261474300,"macquarie marshes",1.38682051830072,-0.400731857078742
2011,14684400,"macquarie marshes",-0.345179949552179,1.38682051830072
2012,38467800,"macquarie marshes",-0.178265258443943,-0.345179949552179
2013,9552600,"macquarie marshes",-0.381195523937223,-0.178265258443943
2014,5593500,"macquarie marshes",-0.408980952158866,-0.381195523937223
2015,6444000,"macquarie marshes",-0.403012043391088,-0.408980952158866
2016,449157600,"macquarie marshes",2.7040039338626,-0.403012043391088
2017,12378600,"macquarie marshes",-0.361362324433709,2.7040039338626
2018,6305400,"macquarie marshes",-0.403984754449541,-0.361362324433709
2019,2604600,"macquarie marshes",-0.42995740297134,-0.403984754449541
2020,26372700,"macquarie marshes",-0.263150089057868,-0.42995740297134
2021,56520000,"macquarie marshes",-0.0515728012332787,-0.263150089057868
2022,673696800,"macquarie marshes",4.27984637900041,-0.0515728012332787
2023,18217800,"macquarie marshes",-0.320382133867212,4.27984637900041
2024,15126300,"macquarie marshes",-0.342078643515165,-0.320382133867212
1987,3226500,"yantabulla",-0.634010712582264,NA
1988,10403100,"yantabulla",-0.560496612464758,-0.634010712582264
1989,187840800,"yantabulla",1.25710125315686,-0.560496612464758
1990,376764300,"yantabulla",3.19235486817646,1.25710125315686
1991,4867200,"yantabulla",-0.617204065414693,3.19235486817646
1992,2386800,"yantabulla",-0.642612249503463,-0.617204065414693
1993,2978100,"yantabulla",-0.63655521868114,-0.642612249503463
1994,27882900,"yantabulla",-0.381440824593901,-0.63655521868114
1995,5460300,"yantabulla",-0.611128596142378,-0.381440824593901
1996,10799100,"yantabulla",-0.556440153466551,-0.611128596142378
1997,95617800,"yantabulla",0.312407267824415,-0.556440153466551
1998,194884200,"yantabulla",1.32925090797497,0.312407267824415
1999,18045900,"yantabulla",-0.482206953799362,1.32925090797497
2000,129587400,"yantabulla",0.66037769607061,-0.482206953799362
2001,2993400,"yantabulla",-0.636398491856209,0.66037769607061
2002,313200,"yantabulla",-0.663853343894074,-0.636398491856209
2003,13697100,"yantabulla",-0.526754248979672,-0.663853343894074
2004,10164600,"yantabulla",-0.562939707088678,-0.526754248979672
2005,730800,"yantabulla",-0.659575623495965,-0.562939707088678
2006,1661400,"yantabulla",-0.650042944850178,-0.659575623495965
2007,332823600,"yantabulla",2.74224464620042,-0.650042944850178
2008,23368500,"yantabulla",-0.427684457173462,2.74224464620042
2009,111057300,"yantabulla",0.470563072629509,-0.427684457173462
2010,265317300,"yantabulla",2.05073823693106,0.470563072629509
2011,89954100,"yantabulla",0.254390684925058,2.05073823693106
2012,108391500,"yantabulla",0.443255728191579,0.254390684925058
2013,2916900,"yantabulla",-0.637182125980863,0.443255728191579
2014,2664900,"yantabulla",-0.639763508979722,-0.637182125980863
2015,3654900,"yantabulla",-0.629622361484204,-0.639763508979722
2016,10405800,"yantabulla",-0.56046895478977,-0.629622361484204
2017,839700,"yantabulla",-0.658460097271458,-0.56046895478977
2018,548100,"yantabulla",-0.661447126170137,-0.658460097271458
2019,31843800,"yantabulla",-0.340867015386835,-0.661447126170137
2020,191509200,"yantabulla",1.29467881424025,-0.340867015386835
2021,30715200,"yantabulla",-0.352427923531725,1.29467881424025
2022,35242200,"yantabulla",-0.306055221802222,-0.352427923531725
2023,2656800,"yantabulla",-0.639846482004685,-0.306055221802222
2024,130343400,"yantabulla",0.668121845067187,-0.639846482004685
1987,59880600,"lake brewster",0.804358272187959,NA
1988,61836300,"lake brewster",0.879029744600783,0.804358272187959
1989,61701300,"lake brewster",0.873875248115775,0.879029744600783
1990,62601300,"lake brewster",0.908238558015832,0.873875248115775
1991,62174700,"lake brewster",0.891950349123205,0.908238558015832
1992,62000100,"lake brewster",0.885283867002594,0.891950349123205
1993,61763400,"lake brewster",0.876246316498879,0.885283867002594
1994,49415400,"lake brewster",0.404781704670094,0.876246316498879
1995,58922100,"lake brewster",0.767761347144398,0.404781704670094
1996,59541300,"lake brewster",0.791403304355638,0.767761347144398
1997,35139600,"lake brewster",-0.140289116964612,0.791403304355638
1998,62696700,"lake brewster",0.911881068865238,-0.140289116964612
1999,62613000,"lake brewster",0.908685281044533,0.911881068865238
2000,61781400,"lake brewster",0.87693358269688,0.908685281044533
2001,33621300,"lake brewster",-0.198260020766009,0.87693358269688
2002,3268800,"lake brewster",-1.35716264714544,-0.198260020766009
2003,88200,"lake brewster",-1.47860258433224,-1.35716264714544
2004,0,"lake brewster",-1.48197018870244,-1.47860258433224
2005,13812300,"lake brewster",-0.954596471666267,-1.48197018870244
2006,4340700,"lake brewster",-1.31623594505447,-0.954596471666267
2007,1800,"lake brewster",-1.48190146208264,-1.31623594505447
2008,900,"lake brewster",-1.48193582539254,-1.48190146208264
2009,14400,"lake brewster",-1.48142037574404,-1.48193582539254
2010,49111200,"lake brewster",0.393166905923875,-1.48142037574404
2011,47224800,"lake brewster",0.321141408373355,0.393166905923875
2012,57650400,"lake brewster",0.719205990255618,0.321141408373355
2013,33314400,"lake brewster",-0.209977909441928,0.719205990255618
2014,113400,"lake brewster",-1.47764041165504,-0.209977909441928
2015,1796400,"lake brewster",-1.41338102214193,-1.47764041165504
2016,62804700,"lake brewster",0.916004666053245,-1.41338102214193
2017,52395300,"lake brewster",0.518558623749184,0.916004666053245
2018,8378100,"lake brewster",-1.16208213684281,0.518558623749184
2019,50400,"lake brewster",-1.48004584334804,-1.16208213684281
2020,46984500,"lake brewster",0.31196640463004,-1.48004584334804
2021,62441100,"lake brewster",0.902121888853622,0.31196640463004
2022,62973900,"lake brewster",0.922464968314456,0.902121888853622
2023,59373900,"lake brewster",0.785011728714227,0.922464968314456
2024,53099100,"lake brewster",0.545430732091029,0.785011728714227
1987,0,"lake albacutya",-0.209469441606749,NA
1988,0,"lake albacutya",-0.209469441606749,-0.209469441606749
1989,0,"lake albacutya",-0.209469441606749,-0.209469441606749
1990,0,"lake albacutya",-0.209469441606749,-0.209469441606749
1991,0,"lake albacutya",-0.209469441606749,-0.209469441606749
1992,4950900,"lake albacutya",1.88992515659009,-0.209469441606749
1993,13803300,"lake albacutya",5.64372360557467,1.88992515659009
1994,0,"lake albacutya",-0.209469441606749,5.64372360557467
1995,0,"lake albacutya",-0.209469441606749,-0.209469441606749
1996,1800,"lake albacutya",-0.208706164166939,-0.209469441606749
1997,0,"lake albacutya",-0.209469441606749,-0.208706164166939
1998,0,"lake albacutya",-0.209469441606749,-0.209469441606749
1999,900,"lake albacutya",-0.209087802886844,-0.209469441606749
2000,0,"lake albacutya",-0.209469441606749,-0.209087802886844
2001,0,"lake albacutya",-0.209469441606749,-0.209469441606749
2002,0,"lake albacutya",-0.209469441606749,-0.209469441606749
2003,0,"lake albacutya",-0.209469441606749,-0.209469441606749
2004,0,"lake albacutya",-0.209469441606749,-0.209469441606749
2005,0,"lake albacutya",-0.209469441606749,-0.209469441606749
2006,0,"lake albacutya",-0.209469441606749,-0.209469441606749
2007,0,"lake albacutya",-0.209469441606749,-0.209469441606749
2008,0,"lake albacutya",-0.209469441606749,-0.209469441606749
2009,900,"lake albacutya",-0.209087802886844,-0.209469441606749
2010,900,"lake albacutya",-0.209087802886844,-0.209087802886844
2011,0,"lake albacutya",-0.209469441606749,-0.209087802886844
2012,0,"lake albacutya",-0.209469441606749,-0.209469441606749
2013,1800,"lake albacutya",-0.208706164166939,-0.209469441606749
2014,0,"lake albacutya",-0.209469441606749,-0.208706164166939
2015,0,"lake albacutya",-0.209469441606749,-0.209469441606749
2016,0,"lake albacutya",-0.209469441606749,-0.209469441606749
2017,900,"lake albacutya",-0.209087802886844,-0.209469441606749
2018,0,"lake albacutya",-0.209469441606749,-0.209087802886844
2019,0,"lake albacutya",-0.209469441606749,-0.209469441606749
2020,0,"lake albacutya",-0.209469441606749,-0.209469441606749
2021,0,"lake albacutya",-0.209469441606749,-0.209469441606749
2022,9000,"lake albacutya",-0.2056530544077,-0.209469441606749
2023,900,"lake albacutya",-0.209087802886844,-0.2056530544077
2024,0,"lake albacutya",-0.209469441606749,-0.209087802886844
1987,4057200,"lake buloke",-0.66855297473124,NA
1988,59438700,"lake buloke",1.15360160432776,-0.66855297473124
1989,59661900,"lake buloke",1.16094530036427,1.15360160432776
1990,33844500,"lake buloke",0.31150471768959,1.16094530036427
1991,34239600,"lake buloke",0.324504244141315,0.31150471768959
1992,78199200,"lake buloke",1.77085702320295,0.324504244141315
1993,78462900,"lake buloke",1.77953324472996,1.77085702320295
1994,45912600,"lake buloke",0.708567702179752,1.77953324472996
1995,72777600,"lake buloke",1.59247627754192,0.708567702179752
1996,71862300,"lake buloke",1.56236120145672,1.59247627754192
1997,43370100,"lake buloke",0.624914713054187,1.56236120145672
1998,2428200,"lake buloke",-0.722150111126735,0.624914713054187
1999,1217700,"lake buloke",-0.761977817453774,-0.722150111126735
2000,0,"lake buloke",-0.802042417201346,-0.761977817453774
2001,0,"lake buloke",-0.802042417201346,-0.802042417201346
2002,0,"lake buloke",-0.802042417201346,-0.802042417201346
2003,0,"lake buloke",-0.802042417201346,-0.802042417201346
2004,0,"lake buloke",-0.802042417201346,-0.802042417201346
2005,0,"lake buloke",-0.802042417201346,-0.802042417201346
2006,0,"lake buloke",-0.802042417201346,-0.802042417201346
2007,0,"lake buloke",-0.802042417201346,-0.802042417201346
2008,0,"lake buloke",-0.802042417201346,-0.802042417201346
2009,0,"lake buloke",-0.802042417201346,-0.802042417201346
2010,82068300,"lake buloke",1.89815762506164,-0.802042417201346
2011,82099800,"lake buloke",1.89919403377647,1.89815762506164
2012,52134300,"lake buloke",0.913273229197464,1.89919403377647
2013,3199500,"lake buloke",-0.696772903452183,0.913273229197464
2014,0,"lake buloke",-0.802042417201346,-0.696772903452183
2015,0,"lake buloke",-0.802042417201346,-0.802042417201346
2016,41004900,"lake buloke",0.547095224409236,-0.802042417201346
2017,5468400,"lake buloke",-0.622121864306855,0.547095224409236
2018,0,"lake buloke",-0.802042417201346,-0.622121864306855
2019,567000,"lake buloke",-0.783387060334406,-0.802042417201346
2020,980100,"lake buloke",-0.769795300331349,-0.783387060334406
2021,999000,"lake buloke",-0.769173455102451,-0.769795300331349
2022,43524900,"lake buloke",0.630007921595637,-0.769173455102451
2023,28145700,"lake buloke",0.124003575338057,0.630007921595637
2024,654300,"lake buloke",-0.780514727610448,0.124003575338057
1987,74945700,"lake mokoan",1.33060122932582,NA
1988,75182400,"lake mokoan",1.34037039934184,1.33060122932582
1989,74557800,"lake mokoan",1.31459167694216,1.34037039934184
1990,72564300,"lake mokoan",1.2323152070354,1.31459167694216
1991,67149900,"lake mokoan",1.00885008606066,1.2323152070354
1992,64491300,"lake mokoan",0.899123362762896,1.00885008606066
1993,67959900,"lake mokoan",1.04228070588734,0.899123362762896
1994,66066300,"lake mokoan",0.964127345759204,1.04228070588734
1995,65000700,"lake mokoan",0.920147508120559,0.964127345759204
1996,65862000,"lake mokoan",0.955695400536255,0.920147508120559
1997,58636800,"lake mokoan",0.657494271682332,0.955695400536255
1998,53299800,"lake mokoan",0.437223632157697,0.657494271682332
1999,61587900,"lake mokoan",0.779293163250844,0.437223632157697
2000,67426200,"lake mokoan",1.02025364193487,0.779293163250844
2001,64364400,"lake mokoan",0.89388589899005,1.02025364193487
2002,56914200,"lake mokoan",0.58639848685094,0.89388589899005
2003,57707100,"lake mokoan",0.619123349147939,0.58639848685094
2004,53079300,"lake mokoan",0.428123074538214,0.619123349147939
2005,60395400,"lake mokoan",0.730075861839353,0.428123074538214
2006,50244300,"lake mokoan",0.311115905144859,0.730075861839353
2007,33580800,"lake mokoan",-0.376626234956086,0.311115905144859
2008,23652900,"lake mokoan",-0.786374198631675,-0.376626234956086
2009,13708800,"lake mokoan",-1.1967907747038,-0.786374198631675
2010,28849500,"lake mokoan",-0.571898199876997,-1.1967907747038
2011,28240200,"lake mokoan",-0.597045455013283,-0.571898199876997
2012,27719100,"lake mokoan",-0.618552487101776,-0.597045455013283
2013,22688100,"lake mokoan",-0.826193781358556,-0.618552487101776
2014,16776000,"lake mokoan",-1.07020016096013,-0.826193781358556
2015,5702400,"lake mokoan",-1.52723387912389,-1.07020016096013
2016,30048300,"lake mokoan",-0.522420882533521,-1.52723387912389
2017,22563900,"lake mokoan",-0.831319809731979,-0.522420882533521
2018,178200,"lake mokoan",-1.7552307063418,-0.831319809731979
2019,153900,"lake mokoan",-1.7562336249366,-1.7552307063418
2020,7394400,"lake mokoan",-1.45740102881928,-1.7562336249366
2021,17838900,"lake mokoan",-1.02633175872091,-1.45740102881928
2022,26001900,"lake mokoan",-0.689425401134323,-1.02633175872091
2023,23532300,"lake mokoan",-0.791351646472535,-0.689425401134323
2024,16769700,"lake mokoan",-1.07046017689211,-0.791351646472535
1987,12352500,"coolmunda dam",-0.0798515142011778,NA
1988,14755500,"coolmunda dam",0.76311327935324,-0.0798515142011778
1989,14578200,"coolmunda dam",0.700917000577877,0.76311327935324
1990,14537700,"coolmunda dam",0.686709728776398,0.700917000577877
1991,14535000,"coolmunda dam",0.685762577322966,0.686709728776398
1992,14013900,"coolmunda dam",0.502962346810603,0.685762577322966
1993,7106400,"coolmunda dam",-1.92016678821942,0.502962346810603
1994,3157200,"coolmunda dam",-3.30553364743919,-1.92016678821942
1995,14620500,"coolmunda dam",0.715755706681644,-3.30553364743919
1996,14687100,"coolmunda dam",0.739118775866298,0.715755706681644
1997,13346100,"coolmunda dam",0.268700220661773,0.739118775866298
1998,14733000,"coolmunda dam",0.755220350574641,0.268700220661773
1999,14545800,"coolmunda dam",0.689551183136694,0.755220350574641
2000,12475800,"coolmunda dam",-0.036598264494453,0.689551183136694
2001,10628100,"coolmunda dam",-0.684765575793037,-0.036598264494453
2002,12948300,"coolmunda dam",0.129153239856135,-0.684765575793037
2003,13070700,"coolmunda dam",0.172090772411716,0.129153239856135
2004,12550500,"coolmunda dam",-0.0103937409495029,0.172090772411716
2005,13197600,"coolmunda dam",0.216606890723016,-0.0103937409495029
2006,11997000,"coolmunda dam",-0.204559788903049,0.216606890723016
2007,13909500,"coolmunda dam",0.466339157277902,-0.204559788903049
2008,12976200,"coolmunda dam",0.138940471541598,0.466339157277902
2009,8096400,"coolmunda dam",-1.57287792196104,0.138940471541598
2010,14754600,"coolmunda dam",0.762797562202096,-1.57287792196104
2011,14302800,"coolmunda dam",0.60430755232782,0.762797562202096
2012,14054400,"coolmunda dam",0.517169618612082,0.60430755232782
2013,14385600,"coolmunda dam",0.633353530233066,0.517169618612082
2014,11526300,"coolmunda dam",-0.369679858951348,0.633353530233066
2015,11599200,"coolmunda dam",-0.344106769708686,-0.369679858951348
2016,14518800,"coolmunda dam",0.680079668602374,-0.344106769708686
2017,14441400,"coolmunda dam",0.652927993603992,0.680079668602374
2018,8840700,"coolmunda dam",-1.31177983796498,0.652927993603992
2019,6773400,"coolmunda dam",-2.03698213414269,-1.31177983796498
2020,6754500,"coolmunda dam",-2.04361219431671,-2.03698213414269
2021,14860800,"coolmunda dam",0.800052186037085,-2.04361219431671
2022,14779800,"coolmunda dam",0.771637642434128,0.800052186037085
2023,14720400,"coolmunda dam",0.750800310458625,0.771637642434128
2024,12913200,"coolmunda dam",0.11684027096152,0.750800310458625
1987,36780300,"mulwala",0.389501896503819,NA
1988,36936900,"mulwala",0.860580466045308,0.389501896503819
1989,36211500,"mulwala",-1.32154210321009,0.860580466045308
1990,37305900,"mulwala",1.9705931873787,-1.32154210321009
1991,36775800,"mulwala",0.375965155999754,1.9705931873787
1992,36806400,"mulwala",0.468014991427401,0.375965155999754
1993,36751500,"mulwala",0.302866757277799,0.468014991427401
1994,36735300,"mulwala",0.254134491463162,0.302866757277799
1995,37159200,"mulwala",1.52929544694616,0.254134491463162
1996,37098900,"mulwala",1.34790312419168,1.52929544694616
1997,36432900,"mulwala",-0.655534470410057,1.34790312419168
1998,36840600,"mulwala",0.570894219258301,-0.655534470410057
1999,37108800,"mulwala",1.37768395330062,0.570894219258301
2000,36871200,"mulwala",0.662944054685948,1.37768395330062
2001,36828000,"mulwala",0.532991345846916,0.662944054685948
2002,36665100,"mulwala",0.0429613395997361,0.532991345846916
2003,37008000,"mulwala",1.07446096600955,0.0429613395997361
2004,36958500,"mulwala",0.925556820464823,1.07446096600955
2005,36976500,"mulwala",0.979703782481086,0.925556820464823
2006,36926100,"mulwala",0.82809228883555,0.979703782481086
2007,36404100,"mulwala",-0.742169609636078,0.82809228883555
2008,35959500,"mulwala",-2.07959957143777,-0.742169609636078
2009,36322200,"mulwala",-0.988538286810075,-2.07959957143777
2010,36687600,"mulwala",0.110645042120065,-0.988538286810075
2011,36379800,"mulwala",-0.815268008358033,0.110645042120065
2012,36321300,"mulwala",-0.991245634910888,-0.815268008358033
2013,36720900,"mulwala",0.210816921850151,-0.991245634910888
2014,36630000,"mulwala",-0.0626252363319768,0.210816921850151
2015,36698400,"mulwala",0.143133219329823,-0.0626252363319768
2016,36885600,"mulwala",0.706261624298958,0.143133219329823
2017,36414900,"mulwala",-0.70968143242632,0.706261624298958
2018,36333900,"mulwala",-0.953342761499504,-0.70968143242632
2019,36484200,"mulwala",-0.501215628663707,-0.953342761499504
2020,36633600,"mulwala",-0.0517958439287242,-0.501215628663707
2021,36283500,"mulwala",-1.10495425514504,-0.0517958439287242
2022,36285300,"mulwala",-1.09953955894341,-1.10495425514504
2023,36147600,"mulwala",-1.51376381836783,-1.09953955894341
2024,35961300,"mulwala",-2.07418487523615,-1.51376381836783
1987,74587500,"lowbidgee floodplain",-0.364649304313192,NA
1988,126074700,"lowbidgee floodplain",-0.0909119977448215,-0.364649304313192
1989,319248900,"lowbidgee floodplain",0.936119676273181,-0.0909119977448215
1990,301330800,"lowbidgee floodplain",0.840856146059405,0.936119676273181
1991,112625100,"lowbidgee floodplain",-0.16241826101845,0.840856146059405
1992,228245400,"lowbidgee floodplain",0.45228965680631,-0.16241826101845
1993,122595300,"lowbidgee floodplain",-0.109410606806374,0.45228965680631
1994,53619300,"lowbidgee floodplain",-0.476129023380978,-0.109410606806374
1995,177463800,"lowbidgee floodplain",0.182303749488911,-0.476129023380978
1996,132822000,"lowbidgee floodplain",-0.0550392424074024,0.182303749488911
1997,38809800,"lowbidgee floodplain",-0.55486534311917,-0.0550392424074024
1998,185886900,"lowbidgee floodplain",0.227086078047389,-0.55486534311917
1999,62690400,"lowbidgee floodplain",-0.427901532245077,0.227086078047389
2000,138819600,"lowbidgee floodplain",-0.0231523487741409,-0.427901532245077
2001,34849800,"lowbidgee floodplain",-0.575919114425646,-0.0231523487741409
2002,25749000,"lowbidgee floodplain",-0.624304508846345,-0.575919114425646
2003,46523700,"lowbidgee floodplain",-0.513853553603762,-0.624304508846345
2004,29139300,"lowbidgee floodplain",-0.606279609639188,-0.513853553603762
2005,87094800,"lowbidgee floodplain",-0.2981528816209,-0.606279609639188
2006,20013300,"lowbidgee floodplain",-0.654798982604564,-0.2981528816209
2007,9392400,"lowbidgee floodplain",-0.711266154238136,-0.654798982604564
2008,7339500,"lowbidgee floodplain",-0.722180620681333,-0.711266154238136
2009,13743000,"lowbidgee floodplain",-0.688135715489158,-0.722180620681333
2010,315791100,"lowbidgee floodplain",0.917735905964209,-0.688135715489158
2011,164250900,"lowbidgee floodplain",0.112055927545647,0.917735905964209
2012,133594200,"lowbidgee floodplain",-0.0509337570026397,0.112055927545647
2013,60019200,"lowbidgee floodplain",-0.442103257980899,-0.0509337570026397
2014,74800800,"lowbidgee floodplain",-0.363515271631457,-0.442103257980899
2015,61071300,"lowbidgee floodplain",-0.436509653740611,-0.363515271631457
2016,688885200,"lowbidgee floodplain",2.90133132444784,-0.436509653740611
2017,74242800,"lowbidgee floodplain",-0.36648193940646,2.90133132444784
2018,47659500,"lowbidgee floodplain",-0.507814949197223,-0.36648193940646
2019,35180100,"lowbidgee floodplain",-0.574163038500765,-0.507814949197223
2020,65918700,"lowbidgee floodplain",-0.410737923682276,-0.574163038500765
2021,191115000,"lowbidgee floodplain",0.25488184111996,-0.410737923682276
2022,983376000,"lowbidgee floodplain",4.467023737342,0.25488184111996
2023,123422400,"lowbidgee floodplain",-0.105013239572136,4.467023737342
2024,72632700,"lowbidgee floodplain",-0.375042211421752,-0.105013239572136
1987,70231500,"lake cowal and nerang cowal",-0.214486631226116,NA
1988,40579200,"lake cowal and nerang cowal",-0.720810172139306,-0.214486631226116
1989,94247100,"lake cowal and nerang cowal",0.195588257708462,-0.720810172139306
1990,176046300,"lake cowal and nerang cowal",1.59233861393264,0.195588257708462
1991,123271200,"lake cowal and nerang cowal",0.691185060783385,1.59233861393264
1992,76707000,"lake cowal and nerang cowal",-0.103915171704144,0.691185060783385
1993,150651000,"lake cowal and nerang cowal",1.15870485808393,-0.103915171704144
1994,138619800,"lake cowal and nerang cowal",0.953267850316075,1.15870485808393
1995,96057900,"lake cowal and nerang cowal",0.226508310044558,0.953267850316075
1996,85969800,"lake cowal and nerang cowal",0.0542504240429206,0.226508310044558
1997,43617600,"lake cowal and nerang cowal",-0.668928414342756,0.0542504240429206
1998,103195800,"lake cowal and nerang cowal",0.348390484536394,-0.668928414342756
1999,94357800,"lake cowal and nerang cowal",0.197478499476524,0.348390484536394
2000,87235200,"lake cowal and nerang cowal",0.0758575779119813,0.197478499476524
2001,50270400,"lake cowal and nerang cowal",-0.555329494428036,0.0758575779119813
2002,609300,"lake cowal and nerang cowal",-1.40331039296353,-0.555329494428036
2003,4868100,"lake cowal and nerang cowal",-1.33058987226055,-1.40331039296353
2004,39600,"lake cowal and nerang cowal",-1.41303822255038,-1.33058987226055
2005,18198000,"lake cowal and nerang cowal",-1.10297710131129,-1.41303822255038
2006,135000,"lake cowal and nerang cowal",-1.41140923370961,-1.10297710131129
2007,137700,"lake cowal and nerang cowal",-1.41136313025186,-1.41140923370961
2008,156600,"lake cowal and nerang cowal",-1.41104040604755,-1.41136313025186
2009,6983100,"lake cowal and nerang cowal",-1.29447549701709,-1.41104040604755
2010,96040800,"lake cowal and nerang cowal",0.22621632147876,-1.29447549701709
2011,130137300,"lake cowal and nerang cowal",0.808426153860956,0.22621632147876
2012,156078000,"lake cowal and nerang cowal",1.2513728081767,0.808426153860956
2013,114013800,"lake cowal and nerang cowal",0.533111671951835,1.2513728081767
2014,59536800,"lake cowal and nerang cowal",-0.39710242740396,0.533111671951835
2015,38202300,"lake cowal and nerang cowal",-0.761396582785245,-0.39710242740396
2016,181786500,"lake cowal and nerang cowal",1.69035456512529,-0.761396582785245
2017,141064200,"lake cowal and nerang cowal",0.995006847405953,1.69035456512529
2018,85772700,"lake cowal and nerang cowal",0.0508848716266159,0.995006847405953
2019,360000,"lake cowal and nerang cowal",-1.40756727889648,0.0508848716266159
2020,70738200,"lake cowal and nerang cowal",-0.20583454898694,-1.40756727889648
2021,157055400,"lake cowal and nerang cowal",1.26806225988495,-0.20583454898694
2022,185673600,"lake cowal and nerang cowal",1.75672817647698,1.26806225988495
2023,150682500,"lake cowal and nerang cowal",1.15924273175777,1.75672817647698
2024,116794800,"lake cowal and nerang cowal",0.58059823344216,1.15924273175777
1987,120268800,"lindsay-walpolla-chowilla",-0.577951985112797,NA
1988,155187000,"lindsay-walpolla-chowilla",-0.374895326868745,-0.577951985112797
1989,387473400,"lindsay-walpolla-chowilla",0.975898818864458,-0.374895326868745
1990,557939700,"lindsay-walpolla-chowilla",1.96719611429286,0.975898818864458
1991,151755300,"lindsay-walpolla-chowilla",-0.394851382280997,1.96719611429286
1992,239509800,"lindsay-walpolla-chowilla",0.11545944461952,-0.394851382280997
1993,380210400,"lindsay-walpolla-chowilla",0.933662950210674,0.11545944461952
1994,149287500,"lindsay-walpolla-chowilla",-0.409202156983435,0.933662950210674
1995,193750200,"lindsay-walpolla-chowilla",-0.150642228965731,-0.409202156983435
1996,230022900,"lindsay-walpolla-chowilla",0.0602911309293672,-0.150642228965731
1997,141863400,"lindsay-walpolla-chowilla",-0.452374855933257,0.0602911309293672
1998,150718500,"lindsay-walpolla-chowilla",-0.400880591783991,-0.452374855933257
1999,143847900,"lindsay-walpolla-chowilla",-0.440834572118933,-0.400880591783991
2000,168582600,"lindsay-walpolla-chowilla",-0.296997102699858,-0.440834572118933
2001,146092500,"lindsay-walpolla-chowilla",-0.427781752240056,-0.296997102699858
2002,126657000,"lindsay-walpolla-chowilla",-0.540803261977164,-0.427781752240056
2003,143373600,"lindsay-walpolla-chowilla",-0.443592726119001,-0.540803261977164
2004,138922200,"lindsay-walpolla-chowilla",-0.469478550946958,-0.443592726119001
2005,149594400,"lindsay-walpolla-chowilla",-0.407417469101039,-0.469478550946958
2006,135432900,"lindsay-walpolla-chowilla",-0.48976956244271,-0.407417469101039
2007,120769200,"lindsay-walpolla-chowilla",-0.575042054137393,-0.48976956244271
2008,109944000,"lindsay-walpolla-chowilla",-0.637992863080108,-0.575042054137393
2009,126199800,"lindsay-walpolla-chowilla",-0.543461975889942,-0.637992863080108
2010,444125700,"lindsay-walpolla-chowilla",1.30534382805277,-0.543461975889942
2011,311105700,"lindsay-walpolla-chowilla",0.531804622720777,1.30534382805277
2012,230945400,"lindsay-walpolla-chowilla",0.0656556619541663,0.531804622720777
2013,157818600,"lindsay-walpolla-chowilla",-0.359592020803855,0.0656556619541663
2014,153608400,"lindsay-walpolla-chowilla",-0.384075217032157,-0.359592020803855
2015,148725900,"lindsay-walpolla-chowilla",-0.412467978797557,-0.384075217032157
2016,283477500,"lindsay-walpolla-chowilla",0.371140843794649,-0.412467978797557
2017,166221000,"lindsay-walpolla-chowilla",-0.310730302123344,0.371140843794649
2018,144019800,"lindsay-walpolla-chowilla",-0.439834937557239,-0.310730302123344
2019,141922800,"lindsay-walpolla-chowilla",-0.452029432472148,-0.439834937557239
2020,155212200,"lindsay-walpolla-chowilla",-0.374748783582214,-0.452029432472148
2021,199292400,"lindsay-walpolla-chowilla",-0.118413173306499,-0.374748783582214
2022,1064270700,"lindsay-walpolla-chowilla",4.9116170989189,-0.118413173306499
2023,223425900,"lindsay-walpolla-chowilla",0.0219281919910483,4.9116170989189
2024,155317500,"lindsay-walpolla-chowilla",-0.374136441992066,0.0219281919910483
1987,1899900,"booligal wetlands",-0.406195584329922,NA
1988,59717700,"booligal wetlands",-0.0439549172466087,-0.406195584329922
1989,180451800,"booligal wetlands",0.712469590840927,-0.0439549172466087
1990,314369100,"booligal wetlands",1.5514896173033,0.712469590840927
1991,25997400,"booligal wetlands",-0.255219682876734,1.5514896173033
1992,28359000,"booligal wetlands",-0.240423762599865,-0.255219682876734
1993,35198100,"booligal wetlands",-0.197575363901722,-0.240423762599865
1994,18644400,"booligal wetlands",-0.301287773068052,-0.197575363901722
1995,4560300,"booligal wetlands",-0.389527619261925,-0.301287773068052
1996,9585000,"booligal wetlands",-0.358046817849669,-0.389527619261925
1997,9187200,"booligal wetlands",-0.360539118445087,-0.358046817849669
1998,75555000,"booligal wetlands",0.0552690953723178,-0.360539118445087
1999,28161900,"booligal wetlands",-0.241658635519314,0.0552690953723178
2000,23798700,"booligal wetlands",-0.26899500042109,-0.241658635519314
2001,11220300,"booligal wetlands",-0.347801319700633,-0.26899500042109
2002,5361300,"booligal wetlands",-0.38450918593631,-0.347801319700633
2003,2871900,"booligal wetlands",-0.400105800069626,-0.38450918593631
2004,217800,"booligal wetlands",-0.416734294313714,-0.400105800069626
2005,4195800,"booligal wetlands",-0.391811288359536,-0.416734294313714
2006,466200,"booligal wetlands",-0.41517801611386,-0.391811288359536
2007,2196000,"booligal wetlands",-0.404340455606184,-0.41517801611386
2008,454500,"booligal wetlands",-0.415251319072549,-0.404340455606184
2009,4287600,"booligal wetlands",-0.391236142068286,-0.415251319072549
2010,39332700,"booligal wetlands",-0.171671226038942,-0.391236142068286
2011,24988500,"booligal wetlands",-0.261540653391357,-0.171671226038942
2012,118585800,"booligal wetlands",0.324866100051303,-0.261540653391357
2013,13448700,"booligal wetlands",-0.33383992541499,0.324866100051303
2014,3098700,"booligal wetlands",-0.39868485040889,-0.33383992541499
2015,7747200,"booligal wetlands",-0.369561021052934,-0.39868485040889
2016,222918300,"booligal wetlands",0.978531137435462,-0.369561021052934
2017,24204600,"booligal wetlands",-0.266451951623503,0.978531137435462
2018,3831300,"booligal wetlands",-0.394094957457148,-0.266451951623503
2019,4706100,"booligal wetlands",-0.388614151622881,-0.394094957457148
2020,17175600,"booligal wetlands",-0.310490113728056,-0.388614151622881
2021,100143900,"booligal wetlands",0.209323721090434,-0.310490113728056
2022,934917300,"booligal wetlands",5.43935449499407,0.209323721090434
2023,88198200,"booligal wetlands",0.134481400269214,5.43935449499407
2024,85815900,"booligal wetlands",0.119555790142357,0.134481400269214
1987,5504400,"hattah lakes",-0.558282714017742,NA
1988,3745800,"hattah lakes",-0.749128476557428,-0.558282714017742
1989,13550400,"hattah lakes",0.314880600774888,-0.749128476557428
1990,15300900,"hattah lakes",0.504847339843307,0.314880600774888
1991,10642500,"hattah lakes",-0.000688825410233302,0.504847339843307
1992,20580300,"hattah lakes",1.07777530456071,-0.000688825410233302
1993,21947400,"hattah lakes",1.22613493265579,1.07777530456071
1994,13214700,"hattah lakes",0.278449961354569,1.22613493265579
1995,11589300,"hattah lakes",0.102059251453508,0.278449961354569
1996,12734100,"hattah lakes",0.226294568726016,0.102059251453508
1997,9448200,"hattah lakes",-0.130295952784934,0.226294568726016
1998,2639700,"hattah lakes",-0.869164015022769,-0.130295952784934
1999,1299600,"hattah lakes",-1.01459356488029,-0.869164015022769
2000,3064500,"hattah lakes",-0.823064117418504,-1.01459356488029
2001,2658600,"hattah lakes",-0.867112960256477,-0.823064117418504
2002,167400,"hattah lakes",-1.1374615123086,-0.867112960256477
2003,11700,"hattah lakes",-1.15435829681186,-1.1374615123086
2004,7200,"hattah lakes",-1.15484664318479,-1.15435829681186
2005,1449900,"hattah lakes",-0.998282796024542,-1.15484664318479
2006,5671800,"hattah lakes",-0.540116228944875,-0.998282796024542
2007,4563900,"hattah lakes",-0.660347105959386,-0.540116228944875
2008,1908000,"hattah lakes",-0.948569135260622,-0.660347105959386
2009,4175100,"hattah lakes",-0.702540232580238,-0.948569135260622
2010,10941300,"hattah lakes",0.0317373737520881,-0.702540232580238
2011,12330000,"hattah lakes",0.182441064437214,0.0317373737520881
2012,5166900,"hattah lakes",-0.594908691987231,0.182441064437214
2013,15995700,"hattah lakes",0.580248019823163,-0.594908691987231
2014,30299400,"hattah lakes",2.13250580080742,0.580248019823163
2015,12422700,"hattah lakes",0.192500999719501,2.13250580080742
2016,19230300,"hattah lakes",0.93127139268275,0.192500999719501
2017,29450700,"hattah lakes",2.04040367487348,0.93127139268275
2018,10227600,"hattah lakes",-0.0457143609940591,2.04040367487348
2019,6768000,"hattah lakes",-0.421155052499973,-0.0457143609940591
2020,1209600,"hattah lakes",-1.02436049233882,-0.421155052499973
2021,14528700,"hattah lakes",0.421047102249115,-1.02436049233882
2022,39881700,"hattah lakes",3.17239056731717,0.421047102249115
2023,19125900,"hattah lakes",0.919941756830855,3.17239056731717
2024,11202300,"hattah lakes",0.0600614633818266,0.919941756830855
1987,14631300,"cuttaburra channels",-0.858150628823995,NA
1988,121361400,"cuttaburra channels",0.404355434365102,-0.858150628823995
1989,194793300,"cuttaburra channels",1.27297842808005,0.404355434365102
1990,385776000,"cuttaburra channels",3.53210511037702,1.27297842808005
1991,48785400,"cuttaburra channels",-0.454143152650294,3.53210511037702
1992,38618100,"cuttaburra channels",-0.57441173570477,-0.454143152650294
1993,30970800,"cuttaburra channels",-0.664871340043433,-0.57441173570477
1994,61578000,"cuttaburra channels",-0.302820001412238,-0.664871340043433
1995,20722500,"cuttaburra channels",-0.786098068842346,-0.302820001412238
1996,85127400,"cuttaburra channels",-0.0242550953129715,-0.786098068842346
1997,127466100,"cuttaburra channels",0.476567685304157,-0.0242550953129715
1998,165129300,"cuttaburra channels",0.922084164339627,0.476567685304157
1999,110270700,"cuttaburra channels",0.273163989824046,0.922084164339627
2000,187308900,"cuttaburra channels",1.18444576129408,0.273163989824046
2001,10602900,"cuttaburra channels",-0.905802410513986,1.18444576129408
2002,2806200,"cuttaburra channels",-0.998029261447944,-0.905802410513986
2003,21680100,"cuttaburra channels",-0.774770656930337,-0.998029261447944
2004,25870500,"cuttaburra channels",-0.725202583751472,-0.774770656930337
2005,24040800,"cuttaburra channels",-0.746846031511917,-0.725202583751472
2006,9791100,"cuttaburra channels",-0.915405160086009,-0.746846031511917
2007,186705000,"cuttaburra channels",1.17730225246612,-0.915405160086009
2008,116564400,"cuttaburra channels",0.347611914166787,1.17730225246612
2009,115458300,"cuttaburra channels",0.334527901723311,0.347611914166787
2010,290586600,"cuttaburra channels",2.40611352364252,0.334527901723311
2011,110303100,"cuttaburra channels",0.273547248121821,2.40611352364252
2012,129015000,"cuttaburra channels",0.494889561150555,0.273547248121821
2013,20895300,"cuttaburra channels",-0.784054024587547,0.494889561150555
2014,11327400,"cuttaburra channels",-0.89723232913319,-0.784054024587547
2015,54036000,"cuttaburra channels",-0.392034016283133,-0.89723232913319
2016,73060200,"cuttaburra channels",-0.166997519106404,-0.392034016283133
2017,6365700,"cuttaburra channels",-0.955924079011859,-0.166997519106404
2018,91800,"cuttaburra channels",-1.0301377899504,-0.955924079011859
2019,34078500,"cuttaburra channels",-0.62811048164854,-1.0301377899504
2020,174537000,"cuttaburra channels",1.03336746952405,-0.62811048164854
2021,88123500,"cuttaburra channels",0.0111856511673639,1.03336746952405
2022,122373900,"cuttaburra channels",0.416332256170562,0.0111856511673639
2023,50713200,"cuttaburra channels",-0.431339283932697,0.416332256170562
2024,41193900,"cuttaburra channels",-0.543942701031679,-0.431339283932697
1987,4403700,"pyap lagoon",-0.545600032462466,NA
1988,5573700,"pyap lagoon",-0.392493080533645,-0.545600032462466
1989,18837900,"pyap lagoon",1.34326865602556,-0.392493080533645
1990,18435600,"pyap lagoon",1.29062341947773,1.34326865602556
1991,5379300,"pyap lagoon",-0.417932389469511,1.29062341947773
1992,7925400,"pyap lagoon",-0.0847481071567144,-0.417932389469511
1993,23285700,"pyap lagoon",1.92531062251189,-0.0847481071567144
1994,4871700,"pyap lagoon",-0.484357251690938,1.92531062251189
1995,6496200,"pyap lagoon",-0.27177413766669,-0.484357251690938
1996,12610800,"pyap lagoon",0.528386348029011,-0.27177413766669
1997,5321700,"pyap lagoon",-0.425469962487545,0.528386348029011
1998,5648400,"pyap lagoon",-0.382717790525882,-0.425469962487545
1999,5090400,"pyap lagoon",-0.455738029138089,-0.382717790525882
2000,5944500,"pyap lagoon",-0.343969954230049,-0.455738029138089
2001,5349600,"pyap lagoon",-0.421818950556935,-0.343969954230049
2002,4491900,"pyap lagoon",-0.534058123778601,-0.421818950556935
2003,4154400,"pyap lagoon",-0.578223590681146,-0.534058123778601
2004,3951000,"pyap lagoon",-0.604840645401079,-0.578223590681146
2005,4272300,"pyap lagoon",-0.562795120909857,-0.604840645401079
2006,3906000,"pyap lagoon",-0.610729374321419,-0.562795120909857
2007,3885300,"pyap lagoon",-0.613438189624775,-0.610729374321419
2008,3888900,"pyap lagoon",-0.612967091311147,-0.613438189624775
2009,4410000,"pyap lagoon",-0.544775610413619,-0.612967091311147
2010,21635100,"pyap lagoon",1.70931204571385,-0.544775610413619
2011,18708300,"pyap lagoon",1.32630911673498,1.70931204571385
2012,10606500,"pyap lagoon",0.2661023619171,1.32630911673498
2013,5363100,"pyap lagoon",-0.420052331880833,0.2661023619171
2014,4976100,"pyap lagoon",-0.470695400595751,-0.420052331880833
2015,4507200,"pyap lagoon",-0.532055955945686,-0.470695400595751
2016,8377200,"pyap lagoon",-0.025625268796508,-0.532055955945686
2017,5943600,"pyap lagoon",-0.344087728808456,-0.025625268796508
2018,5066100,"pyap lagoon",-0.458917942755072,-0.344087728808456
2019,4568400,"pyap lagoon",-0.524047284614024,-0.458917942755072
2020,5190300,"pyap lagoon",-0.442665050934936,-0.524047284614024
2021,5815800,"pyap lagoon",-0.36081171894222,-0.442665050934936
2022,41358600,"pyap lagoon",4.29034193149855,-0.36081171894222
2023,10484100,"pyap lagoon",0.250085019253777,4.29034193149855
2024,5040000,"pyap lagoon",-0.462333405528869,0.250085019253777
1987,40500,"kiewa river",-1.44701965880288,NA
1988,82800,"kiewa river",-0.670464036620805,-1.44701965880288
1989,81900,"kiewa river",-0.686986496667232,-0.670464036620805
1990,137700,"kiewa river",0.337406026211248,-0.686986496667232
1991,75600,"kiewa river",-0.802643716992221,0.337406026211248
1992,129600,"kiewa river",0.188703885793404,-0.802643716992221
1993,224100,"kiewa river",1.92356219066825,0.188703885793404
1994,66600,"kiewa river",-0.967868317456492,1.92356219066825
1995,131400,"kiewa river",0.221748805886258,-0.967868317456492
1996,172800,"kiewa river",0.981781968021905,0.221748805886258
1997,94500,"kiewa river",-0.455672056017252,0.981781968021905
1998,81900,"kiewa river",-0.686986496667232,-0.455672056017252
1999,157500,"kiewa river",0.700900147232644,-0.686986496667232
2000,128700,"kiewa river",0.172181425746977,0.700900147232644
2001,100800,"kiewa river",-0.340014835692263,0.172181425746977
2002,66600,"kiewa river",-0.967868317456492,-0.340014835692263
2003,81000,"kiewa river",-0.703508956713659,-0.967868317456492
2004,108000,"kiewa river",-0.207835155320846,-0.703508956713659
2005,159300,"kiewa river",0.733945067325498,-0.207835155320846
2006,87300,"kiewa river",-0.587851736388669,0.733945067325498
2007,67500,"kiewa river",-0.951345857410065,-0.587851736388669
2008,62100,"kiewa river",-1.05048061768863,-0.951345857410065
2009,70200,"kiewa river",-0.901778477270784,-1.05048061768863
2010,157500,"kiewa river",0.700900147232644,-0.901778477270784
2011,97200,"kiewa river",-0.406104675877971,0.700900147232644
2012,81000,"kiewa river",-0.703508956713659,-0.406104675877971
2013,121500,"kiewa river",0.0400017453755603,-0.703508956713659
2014,108900,"kiewa river",-0.191312695274419,0.0400017453755603
2015,131400,"kiewa river",0.221748805886258,-0.191312695274419
2016,177300,"kiewa river",1.06439426825404,0.221748805886258
2017,121500,"kiewa river",0.0400017453755603,1.06439426825404
2018,87300,"kiewa river",-0.587851736388669,0.0400017453755603
2019,117000,"kiewa river",-0.0426105548565751,-0.587851736388669
2020,112500,"kiewa river",-0.125222855088711,-0.0426105548565751
2021,214200,"kiewa river",1.74181513015755,-0.125222855088711
2022,326700,"kiewa river",3.80712263596094,1.74181513015755
2023,165600,"kiewa river",0.849602287650488,3.80712263596094
2024,106200,"kiewa river",-0.2408800754137,0.849602287650488
1987,59751000,"currawinya lakes",-0.302584847771446,NA
1988,92734200,"currawinya lakes",0.66028154189961,-0.302584847771446
1989,81462600,"currawinya lakes",0.331233881338589,0.66028154189961
1990,145053900,"currawinya lakes",2.1876312425858,0.331233881338589
1991,107180100,"currawinya lakes",1.08199537132032,2.1876312425858
1992,73803600,"currawinya lakes",0.107647519842718,1.08199537132032
1993,56121300,"currawinya lakes",-0.408545340828185,0.107647519842718
1994,92982600,"currawinya lakes",0.667532991461638,-0.408545340828185
1995,89969400,"currawinya lakes",0.579569755470078,0.667532991461638
1996,72153900,"currawinya lakes",0.0594884363383781,0.579569755470078
1997,67046400,"currawinya lakes",-0.0896129269388332,0.0594884363383781
1998,119930400,"currawinya lakes",1.45421017546979,-0.0896129269388332
1999,85464900,"currawinya lakes",0.44807154873837,1.45421017546979
2000,128039400,"currawinya lakes",1.69093322095484,0.44807154873837
2001,92668500,"currawinya lakes",0.65836358603719,1.69093322095484
2002,53526600,"currawinya lakes",-0.484291460709806,0.65836358603719
2003,45839700,"currawinya lakes",-0.708692296613006,-0.484291460709806
2004,47917800,"currawinya lakes",-0.648027089950965,-0.708692296613006
2005,8441100,"currawinya lakes",-1.80045582958591,-0.648027089950965
2006,14240700,"currawinya lakes",-1.63115024633334,-1.80045582958591
2007,66178800,"currawinya lakes",-0.114940453669975,-1.63115024633334
2008,52995600,"currawinya lakes",-0.49979274781704,-0.114940453669975
2009,116505900,"currawinya lakes",1.35424001031212,-0.49979274781704
2010,113352300,"currawinya lakes",1.26217812891593,1.35424001031212
2011,100332000,"currawinya lakes",0.882081314372953,1.26217812891593
2012,101842200,"currawinya lakes",0.926168025840646,0.882081314372953
2013,69654600,"currawinya lakes",-0.0134727065375366,0.926168025840646
2014,46768500,"currawinya lakes",-0.681578180859335,-0.0134727065375366
2015,19754100,"currawinya lakes",-1.47019959409789,-0.681578180859335
2016,57724200,"currawinya lakes",-0.36175247245872,-1.47019959409789
2017,10145700,"currawinya lakes",-1.75069407063489,-0.36175247245872
2018,432900,"currawinya lakes",-2.03423625785739,-1.75069407063489
2019,47918700,"currawinya lakes",-0.648000816582987,-2.03423625785739
2020,89102700,"currawinya lakes",0.554268502106914,-0.648000816582987
2021,72075600,"currawinya lakes",0.0572026533242605,0.554268502106914
2022,66269700,"currawinya lakes",-0.112286843504161,0.0572026533242605
2023,46534500,"currawinya lakes",-0.68840925653371,-0.112286843504161
2024,52496100,"currawinya lakes",-0.514374467045032,-0.68840925653371
1987,2120400,"banrock station wetland complex",-0.778370129755866,NA
1988,2572200,"banrock station wetland complex",-0.559143958262837,-0.778370129755866
1989,3808800,"banrock station wetland complex",0.0408894274571293,-0.559143958262837
1990,7354800,"banrock station wetland complex",1.76150917981278,0.0408894274571293
1991,3117600,"banrock station wetland complex",-0.294500412595952,1.76150917981278
1992,4031100,"banrock station wetland complex",0.148755691120034,-0.294500412595952
1993,9903600,"banrock station wetland complex",2.99825921500852,0.148755691120034
1994,2752200,"banrock station wetland complex",-0.471802854082347,2.99825921500852
1995,3407400,"banrock station wetland complex",-0.153881234865363,-0.471802854082347
1996,4687200,"banrock station wetland complex",0.46711401585792,-0.153881234865363
1997,3032100,"banrock station wetland complex",-0.335987437081685,0.46711401585792
1998,2868300,"banrock station wetland complex",-0.415467841885931,-0.335987437081685
1999,3160800,"banrock station wetland complex",-0.273538547592634,-0.415467841885931
2000,2989800,"banrock station wetland complex",-0.3565125965641,-0.273538547592634
2001,2747700,"banrock station wetland complex",-0.473986381686859,-0.3565125965641
2002,3039300,"banrock station wetland complex",-0.332493792914465,-0.473986381686859
2003,2641500,"banrock station wetland complex",-0.525517633153348,-0.332493792914465
2004,2847600,"banrock station wetland complex",-0.425512068866687,-0.525517633153348
2005,2777400,"banrock station wetland complex",-0.459575099497078,-0.425512068866687
2006,2660400,"banrock station wetland complex",-0.516346817214396,-0.459575099497078
2007,1867500,"banrock station wetland complex",-0.901084381129455,-0.516346817214396
2008,2328300,"banrock station wetland complex",-0.6774911544274,-0.901084381129455
2009,2272500,"banrock station wetland complex",-0.704566896723352,-0.6774911544274
2010,6457500,"banrock station wetland complex",1.32611377547304,-0.704566896723352
2011,6932700,"banrock station wetland complex",1.55669429050953,1.32611377547304
2012,3564000,"banrock station wetland complex",-0.077894474228337,1.55669429050953
2013,2779200,"banrock station wetland complex",-0.458701688455273,-0.077894474228337
2014,3265200,"banrock station wetland complex",-0.22288070716795,-0.458701688455273
2015,3198600,"banrock station wetland complex",-0.255196915714732,-0.22288070716795
2016,3733200,"banrock station wetland complex",0.00420616370132353,-0.255196915714732
2017,2912400,"banrock station wetland complex",-0.394069271361711,0.00420616370132353
2018,3113100,"banrock station wetland complex",-0.296683940200464,-0.394069271361711
2019,2530800,"banrock station wetland complex",-0.579232412224349,-0.296683940200464
2020,2875500,"banrock station wetland complex",-0.411974197718711,-0.579232412224349
2021,3178800,"banrock station wetland complex",-0.264804437174585,-0.411974197718711
2022,11542500,"banrock station wetland complex",3.79349996857188,-0.264804437174585
2023,3560400,"banrock station wetland complex",-0.0796412963119468,3.79349996857188
2024,2899800,"banrock station wetland complex",-0.400183148654345,-0.0796412963119468
1987,9087300,"talywalka system",-0.577595833667196,NA
1988,23221800,"talywalka system",-0.192920407929076,-0.577595833667196
1989,22838400,"talywalka system",-0.203354774778133,-0.192920407929076
1990,92358900,"talywalka system",1.6886702657275,-0.203354774778133
1991,59360400,"talywalka system",0.790604395960669,1.6886702657275
1992,27218700,"talywalka system",-0.0841433582186026,0.790604395960669
1993,15896700,"talywalka system",-0.39227559991141,-0.0841433582186026
1994,14400,"talywalka system",-0.824518021942648,-0.39227559991141
1995,17100,"talywalka system",-0.824444540485964,-0.824518021942648
1996,14113800,"talywalka system",-0.440797855141414,-0.824444540485964
1997,2073600,"talywalka system",-0.768476164312032,-0.440797855141414
1998,75248100,"talywalka system",1.22299378090527,-0.768476164312032
1999,64537200,"talywalka system",0.931492842241831,1.22299378090527
2000,44027100,"talywalka system",0.373303203455076,0.931492842241831
2001,18677700,"talywalka system",-0.316589699527406,0.373303203455076
2002,1845000,"talywalka system",-0.774697594311235,-0.316589699527406
2003,1310400,"talywalka system",-0.789246922734568,-0.774697594311235
2004,21600,"talywalka system",-0.824322071391492,-0.789246922734568
2005,1735200,"talywalka system",-0.777685840216364,-0.824322071391492
2006,165600,"talywalka system",-0.820403060368372,-0.777685840216364
2007,115200,"talywalka system",-0.821774714226464,-0.820403060368372
2008,302400,"talywalka system",-0.816679999896408,-0.821774714226464
2009,4340700,"talywalka system",-0.706776234516788,-0.816679999896408
2010,73602900,"talywalka system",1.17821907996613,-0.706776234516788
2011,101469600,"talywalka system",1.93662119439653,1.17821907996613
2012,106299000,"talywalka system",2.06805502658441,1.93662119439653
2013,65747700,"talywalka system",0.964437028654934,2.06805502658441
2014,33395400,"talywalka system",0.0839577208543495,0.964437028654934
2015,286200,"talywalka system",-0.817120888636509,0.0839577208543495
2016,3564900,"talywalka system",-0.727889906403846,-0.817120888636509
2017,38700,"talywalka system",-0.823856688832497,-0.727889906403846
2018,284400,"talywalka system",-0.817169876274298,-0.823856688832497
2019,257400,"talywalka system",-0.817904690841133,-0.817169876274298
2020,5031000,"talywalka system",-0.687989475424706,-0.817904690841133
2021,15202800,"talywalka system",-0.411160334279069,-0.687989475424706
2022,118193400,"talywalka system",2.39176533709412,-0.411160334279069
2023,89185500,"talywalka system",1.6023050603055,2.39176533709412
2024,60711300,"talywalka system",0.827369618121313,1.6023050603055
1987,16903800,"darling anabranch",-0.635758215510497,NA
1988,81564300,"darling anabranch",-0.319061857193695,-0.635758215510497
1989,267784200,"darling anabranch",0.593012193828474,-0.319061857193695
1990,522674100,"darling anabranch",1.84142046629364,0.593012193828474
1991,281056500,"darling anabranch",0.658017708423754,1.84142046629364
1992,109956600,"darling anabranch",-0.180001101179775,0.658017708423754
1993,41933700,"darling anabranch",-0.513165934612055,-0.180001101179775
1994,29344500,"darling anabranch",-0.574825739193243,-0.513165934612055
1995,10323900,"darling anabranch",-0.667985469677859,-0.574825739193243
1996,69579000,"darling anabranch",-0.377763860168222,-0.667985469677859
1997,21054600,"darling anabranch",-0.615428288521046,-0.377763860168222
1998,426711600,"darling anabranch",1.37141212603991,-0.615428288521046
1999,342594000,"darling anabranch",0.959418132947539,1.37141212603991
2000,132306300,"darling anabranch",-0.0705359934328035,0.959418132947539
2001,41725800,"darling anabranch",-0.514184194181561,-0.0705359934328035
2002,15607800,"darling anabranch",-0.642105807632095,-0.514184194181561
2003,5775300,"darling anabranch",-0.690263754804634,-0.642105807632095
2004,1147500,"darling anabranch",-0.712929948338839,-0.690263754804634
2005,2096100,"darling anabranch",-0.708283863549837,-0.712929948338839
2006,1314900,"darling anabranch",-0.712110051023133,-0.708283863549837
2007,2457000,"darling anabranch",-0.706516235465975,-0.712110051023133
2008,1712700,"darling anabranch",-0.710161692885809,-0.706516235465975
2009,3575700,"darling anabranch",-0.701037029211012,-0.710161692885809
2010,285061500,"darling anabranch",0.677633531299525,-0.701037029211012
2011,572039100,"darling anabranch",2.08320201342533,0.677633531299525
2012,471164400,"darling anabranch",1.58913453581072,2.08320201342533
2013,143154000,"darling anabranch",-0.017405765765013,1.58913453581072
2014,35966700,"darling anabranch",-0.542391306671912,-0.017405765765013
2015,1664100,"darling anabranch",-0.710399727590369,-0.542391306671912
2016,5023800,"darling anabranch",-0.693944476625144,-0.710399727590369
2017,15181200,"darling anabranch",-0.644195223372121,-0.693944476625144
2018,474300,"darling anabranch",-0.716227169802003,-0.644195223372121
2019,105300,"darling anabranch",-0.718034470336624,-0.716227169802003
2020,4622400,"darling anabranch",-0.695910466962805,-0.718034470336624
2021,120918600,"darling anabranch",-0.12631105115126,-0.695910466962805
2022,766462500,"darling anabranch",3.0354554409672,-0.12631105115126
2023,553907700,"darling anabranch",1.99439743642415,3.0354554409672
2024,169949700,"darling anabranch",0.113835109399106,1.99439743642415
1987,6568200,"great cumbung swamp",-0.510363963964174,NA
1988,14769900,"great cumbung swamp",-0.182506829121169,-0.510363963964174
1989,36972000,"great cumbung swamp",0.705006356376701,-0.182506829121169
1990,51134400,"great cumbung swamp",1.27113824202243,0.705006356376701
1991,25256700,"great cumbung swamp",0.236695555954075,1.27113824202243
1992,19652400,"great cumbung swamp",0.012667642131251,0.236695555954075
1993,18723600,"great cumbung swamp",-0.0244604784830342,0.012667642131251
1994,10056600,"great cumbung swamp",-0.370917650494242,-0.0244604784830342
1995,13072500,"great cumbung swamp",-0.250359189080996,-0.370917650494242
1996,9885600,"great cumbung swamp",-0.377753254095709,-0.250359189080996
1997,9297000,"great cumbung swamp",-0.401282121229181,-0.377753254095709
1998,14473800,"great cumbung swamp",-0.194343216410025,-0.401282121229181
1999,9752400,"great cumbung swamp",-0.383077829532642,-0.194343216410025
2000,9808200,"great cumbung swamp",-0.3808472641469,-0.383077829532642
2001,6651000,"great cumbung swamp",-0.507054092746621,-0.3808472641469
2002,5709600,"great cumbung swamp",-0.544685889415751,-0.507054092746621
2003,4899600,"great cumbung swamp",-0.57706506437007,-0.544685889415751
2004,774000,"great cumbung swamp",-0.741982995470732,-0.57706506437007
2005,2649600,"great cumbung swamp",-0.667007217020955,-0.741982995470732
2006,2961000,"great cumbung swamp",-0.654559223094072,-0.667007217020955
2007,1443600,"great cumbung swamp",-0.715216210841829,-0.654559223094072
2008,484200,"great cumbung swamp",-0.753567544732166,-0.715216210841829
2009,3186900,"great cumbung swamp",-0.645529030967923,-0.753567544732166
2010,23454000,"great cumbung swamp",0.164633903250186,-0.645529030967923
2011,31231800,"great cumbung swamp",0.475545936533764,0.164633903250186
2012,34112700,"great cumbung swamp",0.590707868787957,0.475545936533764
2013,9930600,"great cumbung swamp",-0.375954411042692,0.590707868787957
2014,3520800,"great cumbung swamp",-0.632181615514532,-0.375954411042692
2015,7169400,"great cumbung swamp",-0.486331420775857,-0.632181615514532
2016,53481600,"great cumbung swamp",1.36496589566783,-0.486331420775857
2017,12348900,"great cumbung swamp",-0.279284585373521,1.36496589566783
2018,2594700,"great cumbung swamp",-0.669201805545636,-0.279284585373521
2019,3225600,"great cumbung swamp",-0.643982025942328,-0.669201805545636
2020,7361100,"great cumbung swamp",-0.478668349370002,-0.643982025942328
2021,33998400,"great cumbung swamp",0.586138807433292,-0.478668349370002
2022,129204900,"great cumbung swamp",4.39195105470283,0.586138807433292
2023,79542900,"great cumbung swamp",2.4067478613925,4.39195105470283
2024,25389000,"great cumbung swamp",0.241984154529947,2.4067478613925
1987,66994200,"kerang wetlands",0.248736316740595,NA
1988,85767300,"kerang wetlands",0.987859349329147,0.248736316740595
1989,97216200,"kerang wetlands",1.43861845079897,0.987859349329147
1990,67926600,"kerang wetlands",0.285446200328578,1.43861845079897
1991,69849000,"kerang wetlands",0.361133759540867,0.285446200328578
1992,84778200,"kerang wetlands",0.948917107955408,0.361133759540867
1993,85072500,"kerang wetlands",0.960504107890997,0.948917107955408
1994,61842600,"kerang wetlands",0.0459106664919313,0.960504107890997
1995,78579900,"kerang wetlands",0.704881424296682,0.0459106664919313
1996,76141800,"kerang wetlands",0.608890039509186,0.704881424296682
1997,60451200,"kerang wetlands",-0.008870684885503,0.608890039509186
1998,54412200,"kerang wetlands",-0.246634506193772,-0.008870684885503
1999,49110300,"kerang wetlands",-0.455377676287217,-0.246634506193772
2000,54706500,"kerang wetlands",-0.235047506258183,-0.455377676287217
2001,45355500,"kerang wetlands",-0.603209369655041,-0.235047506258183
2002,40034700,"kerang wetlands",-0.812696659010404,-0.603209369655041
2003,40715100,"kerang wetlands",-0.785908365581335,-0.812696659010404
2004,40401000,"kerang wetlands",-0.798274919029411,-0.785908365581335
2005,40579200,"kerang wetlands",-0.791258937417035,-0.798274919029411
2006,45103500,"kerang wetlands",-0.613130959813955,-0.791258937417035
2007,42799500,"kerang wetlands",-0.703842641266886,-0.613130959813955
2008,34621200,"kerang wetlands",-1.02583367617422,-0.703842641266886
2009,35086500,"kerang wetlands",-1.0075141686308,-1.02583367617422
2010,158238900,"kerang wetlands",3.84116694203065,-1.0075141686308
2011,80991900,"kerang wetlands",0.79984521581772,3.84116694203065
2012,55503900,"kerang wetlands",-0.203652760255332,0.79984521581772
2013,42314400,"kerang wetlands",-0.722941702322796,-0.203652760255332
2014,40835700,"kerang wetlands",-0.781160176005283,-0.722941702322796
2015,37044000,"kerang wetlands",-0.930444673646377,-0.781160176005283
2016,66465000,"kerang wetlands",0.227900977406875,-0.930444673646377
2017,58710600,"kerang wetlands",-0.0774005254831472,0.227900977406875
2018,43479000,"kerang wetlands",-0.677089782088385,-0.0774005254831472
2019,40437000,"kerang wetlands",-0.796857549006708,-0.677089782088385
2020,40083300,"kerang wetlands",-0.810783209479756,-0.796857549006708
2021,42042600,"kerang wetlands",-0.733642845994197,-0.810783209479756
2022,116672400,"kerang wetlands",2.20463607956829,-0.733642845994197
2023,69996600,"kerang wetlands",0.366944976633946,2.20463607956829
2024,55347300,"kerang wetlands",-0.209818319854086,0.366944976633946
1987,2173500,"noora evaporation basin",0.166960851659055,NA
1988,2243700,"noora evaporation basin",0.240307815393669,0.166960851659055
1989,1761300,"noora evaporation basin",-0.263717473859575,0.240307815393669
1990,1597500,"noora evaporation basin",-0.434860389240341,-0.263717473859575
1991,1198800,"noora evaporation basin",-0.851433529425392,-0.434860389240341
1992,1602000,"noora evaporation basin",-0.430158660795815,-0.851433529425392
1993,834300,"noora evaporation basin",-1.23227353343204,-0.430158660795815
1994,2642400,"noora evaporation basin",0.65688095557872,-1.23227353343204
1995,2142000,"noora evaporation basin",0.13404875254737,0.65688095557872
1996,1265400,"noora evaporation basin",-0.781847948446399,0.13404875254737
1997,2146500,"noora evaporation basin",0.138750480991896,-0.781847948446399
1998,2119500,"noora evaporation basin",0.110540110324737,0.138750480991896
1999,2077200,"noora evaporation basin",0.0663438629461875,0.110540110324737
2000,2556900,"noora evaporation basin",0.567548115132716,0.0663438629461875
2001,1394100,"noora evaporation basin",-0.647378514932941,0.567548115132716
2002,784800,"noora evaporation basin",-1.28399254632183,-0.647378514932941
2003,1251900,"noora evaporation basin",-0.795953133779979,-1.28399254632183
2004,126900,"noora evaporation basin",-1.97138524491161,-0.795953133779979
2005,900900,"noora evaporation basin",-1.16268795245305,-1.97138524491161
2006,1039500,"noora evaporation basin",-1.01787471636163,-1.16268795245305
2007,804600,"noora evaporation basin",-1.26330494116592,-1.01787471636163
2008,1755900,"noora evaporation basin",-0.269359547993007,-1.26330494116592
2009,2103300,"noora evaporation basin",0.0936138879244414,-0.269359547993007
2010,2578500,"noora evaporation basin",0.590116411666444,0.0936138879244414
2011,1206000,"noora evaporation basin",-0.84391076391415,0.590116411666444
2012,379800,"noora evaporation basin",-1.70714810632922,-0.84391076391415
2013,2110500,"noora evaporation basin",0.101136653435684,-1.70714810632922
2014,2847600,"noora evaporation basin",0.87127977264913,0.101136653435684
2015,2510100,"noora evaporation basin",0.51865013930964,0.87127977264913
2016,2369700,"noora evaporation basin",0.371956211840412,0.51865013930964
2017,2469600,"noora evaporation basin",0.476334583308901,0.371956211840412
2018,2828700,"noora evaporation basin",0.851532513182119,0.476334583308901
2019,2844000,"noora evaporation basin",0.867518389893509,0.851532513182119
2020,3914100,"noora evaporation basin",1.98558941400192,0.867518389893509
2021,3835800,"noora evaporation basin",1.90377933906716,1.98558941400192
2022,3990600,"noora evaporation basin",2.06551879755887,1.90377933906716
2023,2349000,"noora evaporation basin",0.35032826099559,2.06551879755887
2024,3763800,"noora evaporation basin",1.82855168395473,0.35032826099559
1987,54620100,"paroo overflow lakes complex",-0.824238191186848,NA
1988,200979900,"paroo overflow lakes complex",0.24990738857813,-0.824238191186848
1989,384498000,"paroo overflow lakes complex",1.59676052667935,0.24990738857813
1990,485835300,"paroo overflow lakes complex",2.34048259284996,1.59676052667935
1991,126346500,"paroo overflow lakes complex",-0.297832747120549,2.34048259284996
1992,156645900,"paroo overflow lakes complex",-0.0754631717348832,-0.297832747120549
1993,129123900,"paroo overflow lakes complex",-0.277449199635247,-0.0754631717348832
1994,107512200,"paroo overflow lakes complex",-0.436059091328231,-0.277449199635247
1995,73113300,"paroo overflow lakes complex",-0.688515205532935,-0.436059091328231
1996,107850600,"paroo overflow lakes complex",-0.433575548277527,-0.688515205532935
1997,252108900,"paroo overflow lakes complex",0.62514696493587,-0.433575548277527
1998,352434600,"paroo overflow lakes complex",1.36144482262512,0.62514696493587
1999,301697100,"paroo overflow lakes complex",0.98907849421168,1.36144482262512
2000,396436500,"paroo overflow lakes complex",1.68437807606125,0.98907849421168
2001,87837300,"paroo overflow lakes complex",-0.580454662156546,1.68437807606125
2002,26804700,"paroo overflow lakes complex",-1.02837750375351,-0.580454662156546
2003,33116400,"paroo overflow lakes complex",-0.982055462757267,-1.02837750375351
2004,55951200,"paroo overflow lakes complex",-0.814469148176232,-0.982055462757267
2005,32498100,"paroo overflow lakes complex",-0.986593212958953,-0.814469148176232
2006,8245800,"paroo overflow lakes complex",-1.16458266664866,-0.986593212958953
2007,345469500,"paroo overflow lakes complex",1.31032742988735,-1.16458266664866
2008,145403100,"paroo overflow lakes complex",-0.15797492649392,1.31032742988735
2009,294408000,"paroo overflow lakes complex",0.935583241106218,-0.15797492649392
2010,429698700,"paroo overflow lakes complex",1.92849186347595,0.935583241106218
2011,264204900,"paroo overflow lakes complex",0.713920418663172,1.92849186347595
2012,346425300,"paroo overflow lakes complex",1.31734211797206,0.713920418663172
2013,98523000,"paroo overflow lakes complex",-0.502031506196408,1.31734211797206
2014,48915000,"paroo overflow lakes complex",-0.866108349161355,-0.502031506196408
2015,55958400,"paroo overflow lakes complex",-0.814416306834728,-0.866108349161355
2016,84113100,"paroo overflow lakes complex",-0.607786846049669,-0.814416306834728
2017,14732100,"paroo overflow lakes complex",-1.11697922312093,-0.607786846049669
2018,3828600,"paroo overflow lakes complex",-1.19700082966157,-1.11697922312093
2019,28913400,"paroo overflow lakes complex",-1.01290159586043,-1.19700082966157
2020,274455900,"paroo overflow lakes complex",0.789153278629986,-1.01290159586043
2021,145841400,"paroo overflow lakes complex",-0.154758209829843,0.789153278629986
2022,214079400,"paroo overflow lakes complex",0.3460456042776,-0.154758209829843
2023,102160800,"paroo overflow lakes complex",-0.475333418401337,0.3460456042776
2024,72487800,"paroo overflow lakes complex",-0.693105797076125,-0.475333418401337
1987,10716300,"upper darling river",-0.356087842312076,NA
1988,29871000,"upper darling river",-0.168483268195428,-0.356087842312076
1989,37269900,"upper darling river",-0.0960171119292556,-0.168483268195428
1990,174123000,"upper darling river",1.24434674352361,-0.0960171119292556
1991,12783600,"upper darling river",-0.335840334594839,1.24434674352361
1992,11960100,"upper darling river",-0.343905841587121,-0.335840334594839
1993,11849400,"upper darling river",-0.344990057281165,-0.343905841587121
1994,15334200,"upper darling river",-0.310859299823116,-0.344990057281165
1995,14117400,"upper darling river",-0.322776857695865,-0.310859299823116
1996,21783600,"upper darling river",-0.247692717192853,-0.322776857695865
1997,16706700,"upper darling river",-0.297416788169314,-0.247692717192853
1998,397028700,"upper darling river",3.42752522800382,-0.297416788169314
1999,16684200,"upper darling river",-0.297637157212819,3.42752522800382
2000,38211300,"upper darling river",-0.0867968711490078,-0.297637157212819
2001,14178600,"upper darling river",-0.322177453897531,-0.0867968711490078
2002,4776300,"upper darling river",-0.414265269797386,-0.322177453897531
2003,11661300,"upper darling river",-0.346832342484867,-0.414265269797386
2004,12179700,"upper darling river",-0.341755039722513,-0.346832342484867
2005,13095900,"upper darling river",-0.33278161227099,-0.341755039722513
2006,9325800,"upper darling river",-0.369706649200682,-0.33278161227099
2007,19405800,"upper darling river",-0.270981317710458,-0.369706649200682
2008,14602500,"upper darling river",-0.318025701117898,-0.270981317710458
2009,21861000,"upper darling river",-0.246934647683196,-0.318025701117898
2010,141159600,"upper darling river",0.921497280027091,-0.246934647683196
2011,35331300,"upper darling river",-0.115004108717643,0.921497280027091
2012,17532000,"upper darling river",-0.289333651653551,-0.115004108717643
2013,9606600,"upper darling river",-0.36695644353774,-0.289333651653551
2014,6536700,"upper darling river",-0.397023595833558,-0.36695644353774
2015,7236000,"upper darling river",-0.390174525961424,-0.397023595833558
2016,27387900,"upper darling river",-0.192803195836636,-0.390174525961424
2017,7613100,"upper darling river",-0.38648114079228,-0.192803195836636
2018,4842000,"upper darling river",-0.413621792190352,-0.38648114079228
2019,13532400,"upper darling river",-0.328506452826994,-0.413621792190352
2020,12930300,"upper darling river",-0.334403528431187,-0.328506452826994
2021,57760200,"upper darling river",0.104668568609846,-0.334403528431187
2022,497976300,"upper darling river",4.41622416383145,0.104668568609846
2023,10046700,"upper darling river",-0.362646025046783,4.41622416383145
2024,9771300,"upper darling river",-0.365343342139284,-0.362646025046783
1987,25818300,"corop wetlands complex",0.207279717752646,NA
1988,42684300,"corop wetlands complex",1.57367916054023,0.207279717752646
1989,29804400,"corop wetlands complex",0.530213716264183,1.57367916054023
1990,27061200,"corop wetlands complex",0.307973294619757,0.530213716264183
1991,46140300,"corop wetlands complex",1.85366709332061,0.307973294619757
1992,48534300,"corop wetlands complex",2.04761706759035,1.85366709332061
1993,46313100,"corop wetlands complex",1.86766648995963,2.04761706759035
1994,25697700,"corop wetlands complex",0.197509305514997,1.86766648995963
1995,24357600,"corop wetlands complex",0.0889410680384387,0.197509305514997
1996,29831400,"corop wetlands complex",0.53240112198903,0.0889410680384387
1997,23273100,"corop wetlands complex",0.00108027142376215,0.53240112198903
1998,19781100,"corop wetlands complex",-0.28182420232308,0.00108027142376215
1999,21065400,"corop wetlands complex",-0.177776603344538,-0.28182420232308
2000,23039100,"corop wetlands complex",-0.0178772448582427,-0.177776603344538
2001,17350200,"corop wetlands complex",-0.478763631083446,-0.0178772448582427
2002,5292900,"corop wetlands complex",-1.45558611427583,-0.478763631083446
2003,23904000,"corop wetlands complex",0.0521926518610138,-1.45558611427583
2004,16268400,"corop wetlands complex",-0.566405687125638,0.0521926518610138
2005,9752400,"corop wetlands complex",-1.09429960205531,-0.566405687125638
2006,7063200,"corop wetlands complex",-1.31216521225005,-1.09429960205531
2007,9222300,"corop wetlands complex",-1.13724566778647,-1.31216521225005
2008,8121600,"corop wetlands complex",-1.22641890783605,-1.13724566778647
2009,7049700,"corop wetlands complex",-1.31325891511247,-1.22641890783605
2010,47601900,"corop wetlands complex",1.97207865655898,-1.31325891511247
2011,36474300,"corop wetlands complex",1.07057584382548,1.97207865655898
2012,24763500,"corop wetlands complex",0.121825067435301,1.07057584382548
2013,21695400,"corop wetlands complex",-0.126737136431448,0.121825067435301
2014,22737600,"corop wetlands complex",-0.0423032754523644,-0.126737136431448
2015,8928000,"corop wetlands complex",-1.1610883901873,-0.0423032754523644
2016,28316700,"corop wetlands complex",0.409687660825129,-1.1610883901873
2017,24696000,"corop wetlands complex",0.116356553123184,0.409687660825129
2018,10395900,"corop wetlands complex",-1.0421664322798,0.116356553123184
2019,8156700,"corop wetlands complex",-1.22357528039375,-1.0421664322798
2020,18502200,"corop wetlands complex",-0.385434320156653,-1.22357528039375
2021,5995800,"corop wetlands complex",-1.39864065190565,-0.385434320156653
2022,33943500,"corop wetlands complex",0.865543013883185,-1.39864065190565
2023,31050900,"corop wetlands complex",0.63119894722794,0.865543013883185
2024,23186700,"corop wetlands complex",-0.00591942689574735,0.63119894722794
1987,12071700,"narran lakes",-0.786565927120886,NA
1988,193310100,"narran lakes",1.70941746457868,-0.786565927120886
1989,151294500,"narran lakes",1.13078600572508,1.70941746457868
1990,249451200,"narran lakes",2.48258282684046,1.13078600572508
1991,66107700,"narran lakes",-0.0423916320825388,2.48258282684046
1992,139500,"narran lakes",-0.950894088407002,-0.0423916320825388
1993,15775200,"narran lakes",-0.73556197602024,-0.950894088407002
1994,53061300,"narran lakes",-0.222064359945228,-0.73556197602024
1995,61967700,"narran lakes",-0.0994069844672223,-0.222064359945228
1996,115830900,"narran lakes",0.642387539341155,-0.0994069844672223
1997,90368100,"narran lakes",0.291718332891707,0.642387539341155
1998,131142600,"narran lakes",0.853257580671725,0.291718332891707
1999,115897500,"narran lakes",0.64330474283604,0.853257580671725
2000,81112500,"narran lakes",0.164251836386471,0.64330474283604
2001,15238800,"narran lakes",-0.742949182546603,0.164251836386471
2002,147600,"narran lakes",-0.950782536630597,-0.742949182546603
2003,21166200,"narran lakes",-0.661318071501924,-0.950782536630597
2004,22673700,"narran lakes",-0.640557046448805,-0.661318071501924
2005,399600,"narran lakes",-0.947312036920225,-0.640557046448805
2006,304200,"narran lakes",-0.948625868953437,-0.947312036920225
2007,26907300,"narran lakes",-0.582252651314555,-0.948625868953437
2008,11357100,"narran lakes",-0.796407272728155,-0.582252651314555
2009,32256900,"narran lakes",-0.508578900320086,-0.796407272728155
2010,176906700,"narran lakes",1.48351272271711,-0.508578900320086
2011,209487600,"narran lakes",1.93221115134275,1.48351272271711
2012,141116400,"narran lakes",0.990615001351521,1.93221115134275
2013,93610800,"narran lakes",0.336376227379101,0.990615001351521
2014,3392100,"narran lakes",-0.906099852859557,0.336376227379101
2015,1495800,"narran lakes",-0.932215363180107,-0.906099852859557
2016,9599400,"narran lakes",-0.820614008208,-0.932215363180107
2017,2970000,"narran lakes",-0.91191293987443,-0.820614008208
2018,165600,"narran lakes",-0.950534643794142,-0.91191293987443
2019,8675100,"narran lakes",-0.833343305359972,-0.950534643794142
2020,56552400,"narran lakes",-0.173985544314753,-0.833343305359972
2021,51032700,"narran lakes",-0.250001882613723,-0.173985544314753
2022,239189400,"narran lakes",2.34125912077738,-0.250001882613723
2023,93517200,"narran lakes",0.335087184629534,2.34125912077738
2024,73368900,"narran lakes",0.057608338143467,0.335087184629534
1987,58121100,"burrendong dam",0.517630114054707,NA
1988,58834800,"burrendong dam",0.558450127131451,0.517630114054707
1989,66581100,"burrendong dam",1.00149912152178,0.558450127131451
1990,70496100,"burrendong dam",1.22541722604112,1.00149912152178
1991,60764400,"burrendong dam",0.668813441175005,1.22541722604112
1992,61269300,"burrendong dam",0.697691155344051,0.668813441175005
1993,64014300,"burrendong dam",0.854691205639219,0.697691155344051
1994,47621700,"burrendong dam",-0.0828822094677298,0.854691205639219
1995,23880600,"burrendong dam",-1.44075248052879,-0.0828822094677298
1996,46105200,"burrendong dam",-0.169618302827519,-1.44075248052879
1997,39281400,"burrendong dam",-0.55990498523341,-0.169618302827519
1998,68787900,"burrendong dam",1.12771686687383,-0.55990498523341
1999,62860500,"burrendong dam",0.788699709088922,1.12771686687383
2000,70553700,"burrendong dam",1.228711653326,0.788699709088922
2001,58629600,"burrendong dam",0.546713729929058,1.228711653326
2002,36848700,"burrendong dam",-0.699043062593357,0.546713729929058
2003,30692700,"burrendong dam",-1.05113497866514,-0.699043062593357
2004,26032500,"burrendong dam",-1.31767473618265,-1.05113497866514
2005,37176300,"burrendong dam",-0.680306007410589,-1.31767473618265
2006,32083200,"burrendong dam",-0.971605444991034,-0.680306007410589
2007,25722000,"burrendong dam",-1.33543375826521,-0.971605444991034
2008,28204200,"burrendong dam",-1.19346453245732,-1.33543375826521
2009,25227900,"burrendong dam",-1.36369376731834,-1.19346453245732
2010,66640500,"burrendong dam",1.00489649965932,-1.36369376731834
2011,60808500,"burrendong dam",0.671335737064993,1.00489649965932
2012,64891800,"burrendong dam",0.904879746307346,0.671335737064993
2013,41116500,"burrendong dam",-0.454946590954115,0.904879746307346
2014,27903600,"burrendong dam",-1.2106573248503,-0.454946590954115
2015,25137000,"burrendong dam",-1.3688927853773,-1.2106573248503
2016,67971600,"burrendong dam",1.08102865519589,-1.3688927853773
2017,59203800,"burrendong dam",0.579555051925227,1.08102865519589
2018,36295200,"burrendong dam",-0.730700449784022,0.579555051925227
2019,13992300,"burrendong dam",-2.00631298957568,-0.730700449784022
2020,40239000,"burrendong dam",-0.505135131622243,-2.00631298957568
2021,70725600,"burrendong dam",1.23854345975432,-0.505135131622243
2022,73231200,"burrendong dam",1.3818510466467,1.23854345975432
2023,63398700,"burrendong dam",0.81948201403204,1.3818510466467
2024,53346600,"burrendong dam",0.244552977393767,0.81948201403204
1987,44201700,"gwydir wetlands",-0.53360682404945,NA
1988,91760400,"gwydir wetlands",-0.289158100572163,-0.53360682404945
1989,79743600,"gwydir wetlands",-0.350923695937088,-0.289158100572163
1990,118052100,"gwydir wetlands",-0.154020418023065,-0.350923695937088
1991,84467700,"gwydir wetlands",-0.326642119388968,-0.154020418023065
1992,51091200,"gwydir wetlands",-0.498195227845248,-0.326642119388968
1993,39315600,"gwydir wetlands",-0.558721070397276,-0.498195227845248
1994,38401200,"gwydir wetlands",-0.563421028822288,-0.558721070397276
1995,105561000,"gwydir wetlands",-0.218223885523799,-0.563421028822288
1996,154615500,"gwydir wetlands",0.0339131557707818,-0.218223885523799
1997,105565500,"gwydir wetlands",-0.21820075580714,0.0339131557707818
1998,239872500,"gwydir wetlands",0.472128767583195,-0.21820075580714
1999,112655700,"gwydir wetlands",-0.181757574239968,0.472128767583195
2000,260809200,"gwydir wetlands",0.579742087308649,-0.181757574239968
2001,116534700,"gwydir wetlands",-0.16181975848032,0.579742087308649
2002,48347100,"gwydir wetlands",-0.512299729063617,-0.16181975848032
2003,127784700,"gwydir wetlands",-0.103995466834007,-0.512299729063617
2004,325539900,"gwydir wetlands",0.912453809554867,-0.103995466834007
2005,175716900,"gwydir wetlands",0.142373023125937,0.912453809554867
2006,68216400,"gwydir wetlands",-0.410172778129565,0.142373023125937
2007,68851800,"gwydir wetlands",-0.406906862137382,-0.410172778129565
2008,65973600,"gwydir wetlands",-0.421700628912174,-0.406906862137382
2009,64945800,"gwydir wetlands",-0.426983456196981,-0.421700628912174
2010,111649500,"gwydir wetlands",-0.186929378884814,-0.426983456196981
2011,425929500,"gwydir wetlands",1.42845003254657,-0.186929378884814
2012,160596900,"gwydir wetlands",0.0646571751532932,1.42845003254657
2013,93722400,"gwydir wetlands",-0.279073544109046,0.0646571751532932
2014,55504800,"gwydir wetlands",-0.475509601746567,-0.279073544109046
2015,42826500,"gwydir wetlands",-0.540675265460295,-0.475509601746567
2016,102670200,"gwydir wetlands",-0.233082415505235,-0.540675265460295
2017,47808000,"gwydir wetlands",-0.515070669119308,-0.233082415505235
2018,30183300,"gwydir wetlands",-0.605660517384087,-0.515070669119308
2019,32491800,"gwydir wetlands",-0.593794972738263,-0.605660517384087
2020,64527300,"gwydir wetlands",-0.429134519846224,-0.593794972738263
2021,636884100,"gwydir wetlands",2.51274339383823,-0.429134519846224
2022,1071091800,"gwydir wetlands",4.74454363204929,2.51274339383823
2023,78581700,"gwydir wetlands",-0.356895788778319,4.74454363204929
2024,82174500,"gwydir wetlands",-0.338429022998153,-0.356895788778319
1987,292312800,"menindee lakes",-0.377435148447627,NA
1988,539941500,"menindee lakes",0.979104443919779,-0.377435148447627
1989,554639400,"menindee lakes",1.05962129545862,0.979104443919779
1990,634479300,"menindee lakes",1.49699380276757,1.05962129545862
1991,485642700,"menindee lakes",0.681649132729924,1.49699380276757
1992,463786200,"menindee lakes",0.561916615454753,0.681649132729924
1993,398253600,"menindee lakes",0.202921206236127,0.561916615454753
1994,269388900,"menindee lakes",-0.503015010400103,0.202921206236127
1995,358781400,"menindee lakes",-0.0133122194445177,-0.503015010400103
1996,474216300,"menindee lakes",0.619053948899347,-0.0133122194445177
1997,444868200,"menindee lakes",0.458281552118368,0.619053948899347
1998,476766000,"menindee lakes",0.633021510004579,0.458281552118368
1999,490718700,"menindee lakes",0.709456066945776,0.633021510004579
2000,477263700,"menindee lakes",0.635747970043828,0.709456066945776
2001,446884200,"menindee lakes",0.469325440884948,0.635747970043828
2002,241294500,"menindee lakes",-0.656919488854365,0.469325440884948
2003,107865900,"menindee lakes",-1.38785729474744,-0.656919488854365
2004,161089200,"menindee lakes",-1.09629370100225,-1.38785729474744
2005,143156700,"menindee lakes",-1.19453007764247,-1.09629370100225
2006,103279500,"menindee lakes",-1.4129821416914,-1.19453007764247
2007,156299400,"menindee lakes",-1.12253279743785,-1.4129821416914
2008,151490700,"menindee lakes",-1.14887543033063,-1.12253279743785
2009,145334700,"menindee lakes",-1.18259873352858,-1.14887543033063
2010,597411000,"menindee lakes",1.29392922837957,-1.18259873352858
2011,632909700,"menindee lakes",1.48839534651359,1.29392922837957
2012,500883300,"menindee lakes",0.765138959682271,1.48839534651359
2013,434448000,"menindee lakes",0.40119845205611,0.765138959682271
2014,249983100,"menindee lakes",-0.609322300393401,0.40119845205611
2015,106865100,"menindee lakes",-1.39333979667085,-0.609322300393401
2016,418617000,"menindee lakes",0.314474343393551,-1.39333979667085
2017,341356500,"menindee lakes",-0.108767902663154,0.314474343393551
2018,155681100,"menindee lakes",-1.1259199186801,-0.108767902663154
2019,23660100,"menindee lakes",-1.8491467236665,-1.1259199186801
2020,145968300,"menindee lakes",-1.17912779705908,-1.8491467236665
2021,475455600,"menindee lakes",0.625842982306302,-1.17912779705908
2022,746491500,"menindee lakes",2.11061001174567,0.625842982306302
2023,460962900,"menindee lakes",0.546450240874056,2.11061001174567
2024,417589200,"menindee lakes",0.308843932245589,0.546450240874056
1987,24866100,"barmah-millewa",-0.708914691502027,NA
1988,35278200,"barmah-millewa",-0.213560614195951,-0.708914691502027
1989,38547900,"barmah-millewa",-0.0580051329224642,-0.213560614195951
1990,74417400,"barmah-millewa",1.64848088583747,-0.0580051329224642
1991,50294700,"barmah-millewa",0.500847094322665,1.64848088583747
1992,78245100,"barmah-millewa",1.830583132426,0.500847094322665
1993,129229200,"barmah-millewa",4.25614395231639,1.830583132426
1994,37795500,"barmah-millewa",-0.0938004487343649,4.25614395231639
1995,43921800,"barmah-millewa",0.197657344006793,-0.0938004487343649
1996,74324700,"barmah-millewa",1.6440706974061,0.197657344006793
1997,25643700,"barmah-millewa",-0.671920489514608,1.6440706974061
1998,29567700,"barmah-millewa",-0.485236785041059,-0.671920489514608
1999,30207600,"barmah-millewa",-0.454793639655579,-0.485236785041059
2000,41291100,"barmah-millewa",0.0725021907553748,-0.454793639655579
2001,22541400,"barmah-millewa",-0.819511941193581,0.0725021907553748
2002,28852200,"barmah-millewa",-0.519276588953094,-0.819511941193581
2003,34486200,"barmah-millewa",-0.251239893997952,-0.519276588953094
2004,24241500,"barmah-millewa",-0.738629941709514,-0.251239893997952
2005,30449700,"barmah-millewa",-0.443275768897922,-0.738629941709514
2006,21539700,"barmah-millewa",-0.86716766667043,-0.443275768897922
2007,15726600,"barmah-millewa",-1.14372501694443,-0.86716766667043
2008,14527800,"barmah-millewa",-1.20075774500837,-1.14372501694443
2009,20785500,"barmah-millewa",-0.903048617209154,-1.20075774500837
2010,44473500,"barmah-millewa",0.22390438777796,-0.903048617209154
2011,42427800,"barmah-millewa",0.126580520743928,0.22390438777796
2012,38949300,"barmah-millewa",-0.0389085888409956,0.126580520743928
2013,46552500,"barmah-millewa",0.322812497258211,-0.0389085888409956
2014,27038700,"barmah-millewa",-0.605553576226993,0.322812497258211
2015,34304400,"barmah-millewa",-0.259889001407048,-0.605553576226993
2016,54685800,"barmah-millewa",0.709753010406712,-0.259889001407048
2017,41673600,"barmah-millewa",0.0906995702052047,0.709753010406712
2018,43409700,"barmah-millewa",0.173294264225727,0.0906995702052047
2019,32894100,"barmah-millewa",-0.326983809872656,0.173294264225727
2020,28154700,"barmah-millewa",-0.552460045596901,-0.326983809872656
2021,31369500,"barmah-millewa",-0.399516423491507,-0.552460045596901
2022,50616000,"barmah-millewa",0.516132893060522,-0.399516423491507
2023,39838500,"barmah-millewa",0.00339496620943249,0.516132893060522
2024,27981900,"barmah-millewa",-0.560680979371883,0.00339496620943249
1987,194674500,"coorong and murray mouth",-2.78611813609198,NA
1988,232269300,"coorong and murray mouth",0.221883660661693,-2.78611813609198
1989,231446700,"coorong and murray mouth",0.15606651898227,0.221883660661693
1990,229113000,"coorong and murray mouth",-0.0306554157822197,0.15606651898227
1991,217853100,"coorong and murray mouth",-0.93157254877047,-0.0306554157822197
1992,237715200,"coorong and murray mouth",0.657616181780061,-0.93157254877047
1993,235490400,"coorong and murray mouth",0.479607457237902,0.657616181780061
1994,230167800,"coorong and murray mouth",0.0537403063712635,0.479607457237902
1995,232237800,"coorong and murray mouth",0.219363310597383,0.0537403063712635
1996,200236500,"coorong and murray mouth",-2.34109632473658,0.219363310597383
1997,187183800,"coorong and murray mouth",-3.38545738138502,-2.34109632473658
1998,224459100,"coorong and murray mouth",-0.403019135283638,-3.38545738138502
1999,232855200,"coorong and murray mouth",0.268762171857868,-0.403019135283638
2000,224944200,"coorong and murray mouth",-0.364205744293256,0.268762171857868
2001,225379800,"coorong and murray mouth",-0.329352903403934,-0.364205744293256
2002,223401600,"coorong and murray mouth",-0.487630887442633,-0.329352903403934
2003,235571400,"coorong and murray mouth",0.486088357403272,-0.487630887442633
2004,232521300,"coorong and murray mouth",0.242046461176177,0.486088357403272
2005,234114300,"coorong and murray mouth",0.369504164428451,0.242046461176177
2006,219583800,"coorong and murray mouth",-0.793097315237067,0.369504164428451
2007,236477700,"coorong and murray mouth",0.558602429253577,-0.793097315237067
2008,221884200,"coorong and murray mouth",-0.609039750540562,0.558602429253577
2009,229068000,"coorong and murray mouth",-0.0342559158740919,-0.609039750540562
2010,232710300,"coorong and murray mouth",0.25716856156204,-0.0342559158740919
2011,239111100,"coorong and murray mouth",0.769303694629935,0.25716856156204
2012,223296300,"coorong and murray mouth",-0.496056057657614,0.769303694629935
2013,241561800,"coorong and murray mouth",0.965386929633293,-0.496056057657614
2014,235128600,"coorong and murray mouth",0.45065943649925,0.965386929633293
2015,231443100,"coorong and murray mouth",0.15577847897492,0.45065943649925
2016,241371900,"coorong and murray mouth",0.950192819245592,0.15577847897492
2017,238589100,"coorong and murray mouth",0.727537893564218,0.950192819245592
2018,238390200,"coorong and murray mouth",0.711623683158143,0.727537893564218
2019,233992800,"coorong and murray mouth",0.359782814180397,0.711623683158143
2020,236825100,"coorong and murray mouth",0.58639828996283,0.359782814180397
2021,243945000,"coorong and murray mouth",1.15606941449884,0.58639828996283
2022,244622700,"coorong and murray mouth",1.21029294588244,1.15606941449884
2023,241380900,"coorong and murray mouth",0.950912919263967,1.21029294588244
2024,229835700,"coorong and murray mouth",0.027168615693247,0.950912919263967
1987,572400,"fivebough",-1.03144771655414,NA
1988,735300,"fivebough",-0.786284175258932,-1.03144771655414
1989,2189700,"fivebough",1.40257926525517,-0.786284175258932
1990,1954800,"fivebough",1.04905614769689,1.40257926525517
1991,459900,"fivebough",-1.20075955446519,1.04905614769689
1992,634500,"fivebough",-0.937987582027236,-1.20075955446519
1993,563400,"fivebough",-1.04499266358702,-0.937987582027236
1994,800100,"fivebough",-0.688760556622166,-1.04499266358702
1995,2122200,"fivebough",1.30099216250854,-0.688760556622166
1996,2092500,"fivebough",1.25629383730002,1.30099216250854
1997,808200,"fivebough",-0.67657010429257,1.25629383730002
1998,537300,"fivebough",-1.08427300998239,-0.67657010429257
1999,1500300,"fivebough",0.365036322536231,-1.08427300998239
2000,1210500,"fivebough",-0.0711109719226425,0.365036322536231
2001,391500,"fivebough",-1.30370115191511,-0.0711109719226425
2002,134100,"fivebough",-1.6910866370556,-1.30370115191511
2003,1791900,"fivebough",0.803892606401682,-1.6910866370556
2004,1236600,"fivebough",-0.0318306255272781,0.803892606401682
2005,1619100,"fivebough",0.543829623370304,-0.0318306255272781
2006,1628100,"fivebough",0.557374570403188,0.543829623370304
2007,432900,"fivebough",-1.24139439556384,0.557374570403188
2008,1012500,"fivebough",-0.369099806646097,-1.24139439556384
2009,225000,"fivebough",-1.55428267202347,-0.369099806646097
2010,1928700,"fivebough",1.00977580130152,-1.55428267202347
2011,1783800,"fivebough",0.791702154072086,1.00977580130152
2012,2226600,"fivebough",1.45811354808999,0.791702154072086
2013,1891800,"fivebough",0.954241518466698,1.45811354808999
2014,1227600,"fivebough",-0.0453755725601623,0.954241518466698
2015,1247400,"fivebough",-0.0155766890878169,-0.0453755725601623
2016,2325600,"fivebough",1.60710796545172,-0.0155766890878169
2017,1952100,"fivebough",1.04499266358702,1.60710796545172
2018,553500,"fivebough",-1.05989210532319,1.04499266358702
2019,900000,"fivebough",-0.53841164455715,-1.05989210532319
2020,1229400,"fivebough",-0.0426665831535855,-0.53841164455715
2021,1432800,"fivebough",0.263449219789599,-0.0426665831535855
2022,1981800,"fivebough",1.08969098879554,0.263449219789599
2023,1954800,"fivebough",1.04905614769689,1.08969098879554
2024,505800,"fivebough",-1.13168032459748,1.04905614769689
1987,10875600,"gunbower-koondrook-perricoota",-0.413140036532302,NA
1988,11795400,"gunbower-koondrook-perricoota",-0.231241701266751,-0.413140036532302
1989,17398800,"gunbower-koondrook-perricoota",0.876878685585816,-0.231241701266751
1990,24048900,"gunbower-koondrook-perricoota",2.19199297059282,0.876878685585816
1991,12681900,"gunbower-koondrook-perricoota",-0.0559287264755882,2.19199297059282
1992,22291200,"gunbower-koondrook-perricoota",1.84439272717441,-0.0559287264755882
1993,31465800,"gunbower-koondrook-perricoota",3.6587485292263,1.84439272717441
1994,11138400,"gunbower-koondrook-perricoota",-0.361169083599288,3.6587485292263
1995,14475600,"gunbower-koondrook-perricoota",0.29879082556379,-0.361169083599288
1996,15863400,"gunbower-koondrook-perricoota",0.573240172901833,0.29879082556379
1997,10603800,"gunbower-koondrook-perricoota",-0.466890816620557,0.573240172901833
1998,9933300,"gunbower-koondrook-perricoota",-0.599487939685954,-0.466890816620557
1999,10387800,"gunbower-koondrook-perricoota",-0.509606668346323,-0.599487939685954
2000,10539000,"gunbower-koondrook-perricoota",-0.479705572138287,-0.509606668346323
2001,10037700,"gunbower-koondrook-perricoota",-0.578841944685168,-0.479705572138287
2002,9303300,"gunbower-koondrook-perricoota",-0.724075840552771,-0.578841944685168
2003,11554200,"gunbower-koondrook-perricoota",-0.278941069027189,-0.724075840552771
2004,10539000,"gunbower-koondrook-perricoota",-0.479705572138287,-0.278941069027189
2005,10803600,"gunbower-koondrook-perricoota",-0.427378653774224,-0.479705572138287
2006,10053900,"gunbower-koondrook-perricoota",-0.575638255805735,-0.427378653774224
2007,9658800,"gunbower-koondrook-perricoota",-0.653772667920781,-0.575638255805735
2008,8775000,"gunbower-koondrook-perricoota",-0.828551694565372,-0.653772667920781
2009,8779500,"gunbower-koondrook-perricoota",-0.827661780987752,-0.828551694565372
2010,12444300,"gunbower-koondrook-perricoota",-0.10291616337393,-0.827661780987752
2011,14869800,"gunbower-koondrook-perricoota",0.376747254963312,-0.10291616337393
2012,11399400,"gunbower-koondrook-perricoota",-0.309554096097321,0.376747254963312
2013,11367900,"gunbower-koondrook-perricoota",-0.315783491140662,-0.309554096097321
2014,10959300,"gunbower-koondrook-perricoota",-0.396587643988568,-0.315783491140662
2015,10872000,"gunbower-koondrook-perricoota",-0.413851967394399,-0.396587643988568
2016,13882500,"gunbower-koondrook-perricoota",0.181500216033458,-0.413851967394399
2017,10971900,"gunbower-koondrook-perricoota",-0.394095885971232,0.181500216033458
2018,10827900,"gunbower-koondrook-perricoota",-0.422573120455076,-0.394095885971232
2019,10910700,"gunbower-koondrook-perricoota",-0.406198710626866,-0.422573120455076
2020,10837800,"gunbower-koondrook-perricoota",-0.420615310584311,-0.406198710626866
2021,10486800,"gunbower-koondrook-perricoota",-0.49002856963868,-0.420615310584311
2022,26734500,"gunbower-koondrook-perricoota",2.72309339371651,-0.49002856963868
2023,12766500,"gunbower-koondrook-perricoota",-0.0391983512163301,2.72309339371651
2024,10323900,"gunbower-koondrook-perricoota",-0.522243441148528,-0.0391983512163301
1987,829419300,"lower lakes",0.0161593148788393,NA
1988,843405300,"lower lakes",0.373017902098461,0.0161593148788393
1989,839078100,"lower lakes",0.262607600467062,0.373017902098461
1990,842035500,"lower lakes",0.338066887314145,0.262607600467062
1991,828137700,"lower lakes",-0.0165412403464336,0.338066887314145
1992,842600700,"lower lakes",0.352488199590459,-0.0165412403464336
1993,843542100,"lower lakes",0.376508410802282,0.352488199590459
1994,840301200,"lower lakes",0.29381550394399,0.376508410802282
1995,840541500,"lower lakes",0.299946858048729,0.29381550394399
1996,647168400,"lower lakes",-4.63404794191399,0.299946858048729
1997,829169100,"lower lakes",0.00977535817053465,-4.63404794191399
1998,839013300,"lower lakes",0.260954201607357,0.00977535817053465
1999,843435000,"lower lakes",0.373775709909159,0.260954201607357
2000,846883800,"lower lakes",0.461773271442337,0.373775709909159
2001,842219100,"lower lakes",0.342751517416642,0.461773271442337
2002,832118400,"lower lakes",0.085027970160155,0.342751517416642
2003,851544900,"lower lakes",0.580703169975826,0.085027970160155
2004,845677800,"lower lakes",0.431001681553386,0.580703169975826
2005,854594100,"lower lakes",0.658504771874158,0.431001681553386
2006,840482100,"lower lakes",0.298431242427333,0.658504771874158
2007,823863600,"lower lakes",-0.125596673467797,0.298431242427333
2008,738864900,"lower lakes",-2.29437373606643,-0.125596673467797
2009,728199000,"lower lakes",-2.56651859559923,-2.29437373606643
2010,832032900,"lower lakes",0.0828464022202667,-2.56651859559923
2011,832752900,"lower lakes",0.101217500661431,0.0828464022202667
2012,829749600,"lower lakes",0.0245870562887236,0.101217500661431
2013,840792600,"lower lakes",0.306353778630085,0.0245870562887236
2014,838016100,"lower lakes",0.235510230266344,0.306353778630085
2015,836290800,"lower lakes",0.191488485626704,0.235510230266344
2016,847211400,"lower lakes",0.470132121233067,0.191488485626704
2017,838427400,"lower lakes",0.246004720250859,0.470132121233067
2018,834838200,"lower lakes",0.154424794521654,0.246004720250859
2019,837788400,"lower lakes",0.229700370384326,0.154424794521654
2020,842519700,"lower lakes",0.350421451015828,0.229700370384326
2021,844551900,"lower lakes",0.402273876366015,0.350421451015828
2022,850914900,"lower lakes",0.564628458839807,0.402273876366015
2023,842629500,"lower lakes",0.353223043528106,0.564628458839807
2024,833056200,"lower lakes",0.108956325879772,0.353223043528106
1987,14055300,"murray river and euston lakes",-0.417119890803737,NA
1988,14026500,"murray river and euston lakes",-0.423135496046064,-0.417119890803737
1989,19237500,"murray river and euston lakes",0.665313077487601,-0.423135496046064
1990,20201400,"murray river and euston lakes",0.866647865441756,0.665313077487601
1991,14704200,"murray river and euston lakes",-0.281580785187541,0.866647865441756
1992,19111500,"murray river and euston lakes",0.638994804552418,-0.281580785187541
1993,20333700,"murray river and euston lakes",0.894282052023699,0.638994804552418
1994,14184000,"murray river and euston lakes",-0.390237654877085,0.894282052023699
1995,17368200,"murray river and euston lakes",0.27486269972777,-0.390237654877085
1996,18623700,"murray river and euston lakes",0.537105490760493,0.27486269972777
1997,13837500,"murray river and euston lakes",-0.46261290544884,0.537105490760493
1998,13661100,"murray river and euston lakes",-0.499458487558097,-0.46261290544884
1999,13858200,"murray river and euston lakes",-0.458289189180917,-0.499458487558097
2000,13998600,"murray river and euston lakes",-0.428963113624569,-0.458289189180917
2001,13378500,"murray river and euston lakes",-0.558486613998437,-0.428963113624569
2002,13334400,"murray river and euston lakes",-0.567698009525752,-0.558486613998437
2003,13491900,"murray river and euston lakes",-0.534800168356772,-0.567698009525752
2004,13311000,"murray river and euston lakes",-0.572585688785143,-0.534800168356772
2005,13375800,"murray river and euston lakes",-0.559050576989905,-0.572585688785143
2006,13245300,"murray river and euston lakes",-0.586308788244203,-0.559050576989905
2007,13211100,"murray river and euston lakes",-0.593452319469467,-0.586308788244203
2008,6529500,"murray river and euston lakes",-1.98907273568949,-0.593452319469467
2009,9342900,"murray river and euston lakes",-1.4014232985796,-1.98907273568949
2010,20129400,"murray river and euston lakes",0.851608852335937,-1.4014232985796
2011,17661600,"murray river and euston lakes",0.336146678133983,0.851608852335937
2012,15174000,"murray river and euston lakes",-0.183451224672071,0.336146678133983
2013,13858200,"murray river and euston lakes",-0.458289189180917,-0.183451224672071
2014,15125400,"murray river and euston lakes",-0.193602558518499,-0.458289189180917
2015,18118800,"murray river and euston lakes",0.431644411355935,-0.193602558518499
2016,22009500,"murray river and euston lakes",1.24431508206164,0.431644411355935
2017,14439600,"murray river and euston lakes",-0.336849158351427,1.24431508206164
2018,13592700,"murray river and euston lakes",-0.513745550008625,-0.336849158351427
2019,17633700,"murray river and euston lakes",0.330319060555478,-0.513745550008625
2020,13467600,"murray river and euston lakes",-0.539875835279986,0.330319060555478
2021,15018300,"murray river and euston lakes",-0.215973090513405,-0.539875835279986
2022,35589600,"murray river and euston lakes",4.08086094148297,-0.215973090513405
2023,25956900,"murray river and euston lakes",2.06882897558818,4.08086094148297
2024,15789600,"murray river and euston lakes",-0.0548676626173162,2.06882897558818
